==================== 2026-06-24T08:40:10.370182Z | 00000000-0000-0000-0000-000000000000 ====================
==================== 2026-06-24T08:40:10.373678Z | dc8292a3-a4c1-47c7-b4c5-8e0bc90c9f86 ====================
08:40:10.374291 [info ]: Starting dbt LSP server
08:40:10.374311 [info ]: Connecting to LSP client on port 8001
08:40:10.374784 [info ]: Successfully connected to LSP client
08:40:10.374882 [info ]: Creating LSP service...
08:40:10.458674 [info ]: Creating LSP server...
08:40:10.458701 [info ]: Starting LSP server...
08:45:36.211389 [info ]: Loading ~/.dbt/profiles.yml
08:47:07.196582 [info ]: Started loading project
08:47:07.200400 [info ]: Loading ~/.dbt/profiles.yml
08:47:07.417992 [info ]:    Started resolving packages from packages.yml
08:47:11.578437 [info ]:   Finished [  4.16s] resolving packages from packages.yml (1 items)
08:47:11.580024 [debug]:    Started loading packages
08:47:11.587810 [debug]:     Loaded [  0.01s] packages
08:47:11.591975 [info ]: Finished loading project [  4.40s]
08:47:11.593314 [info ]: Started parsing
08:47:11.657926 [debug]: Finished parsing models/marts/customers.yml [  0.00s]
08:47:11.659279 [debug]: Finished parsing models/marts/order_items.yml [  0.00s]
08:47:11.659698 [debug]: Finished parsing models/marts/orders.yml [  0.00s]
08:47:11.660345 [debug]: Finished parsing models/staging/__sources.yml [  0.00s]
08:47:11.660497 [debug]: Finished parsing models/staging/stg_customers.yml [  0.00s]
08:47:11.660741 [debug]: Finished parsing models/staging/stg_locations.yml [  0.00s]
08:47:11.660898 [debug]: Finished parsing models/staging/stg_order_items.yml [  0.00s]
08:47:11.661072 [debug]: Finished parsing models/staging/stg_orders.yml [  0.00s]
08:47:11.661242 [debug]: Finished parsing models/staging/stg_products.yml [  0.00s]
08:47:11.661398 [debug]: Finished parsing models/staging/stg_supplies.yml [  0.00s]
08:47:11.696745 [debug]: Finished parsing models/marts/customers.sql [  0.00s]
08:47:11.701422 [debug]: Finished parsing models/marts/locations.sql [  0.00s]
08:47:11.702195 [debug]: Finished parsing models/marts/order_items.sql [  0.00s]
08:47:11.703011 [debug]: Finished parsing models/marts/orders.sql [  0.00s]
08:47:11.703501 [debug]: Finished parsing models/marts/products.sql [  0.00s]
08:47:11.703868 [debug]: Finished parsing models/marts/supplies.sql [  0.00s]
08:47:11.704304 [debug]: Finished parsing models/staging/stg_customers.sql [  0.00s]
08:47:11.704663 [debug]: Finished parsing models/staging/stg_locations.sql [  0.00s]
08:47:11.704967 [debug]: Finished parsing models/staging/stg_order_items.sql [  0.00s]
08:47:11.705729 [debug]: Finished parsing models/staging/stg_orders.sql [  0.00s]
08:47:11.706258 [debug]: Finished parsing models/staging/stg_products.sql [  0.00s]
08:47:11.708319 [debug]: Finished parsing models/staging/stg_supplies.sql [  0.00s]
08:47:11.721015 [info ]: Finished parsing [  0.13s]
08:47:11.722796 [info ]: Cached model count updated: 12 models (estimate)
08:47:11.722812 [info ]: Cached model count updated: 12 models (accurate)
08:47:11.723726 [info ]: Started scheduling
08:47:11.724970 [info ]: Finished scheduling [  0.00s]
08:47:11.724980 [debug]: Compilation - 0 nodes selected: {}
08:47:11.725459 [warn ]: [NoNodesForSelectionCriteria (dbt1092)]: The selection criterion '' does not match any enabled nodes
08:47:11.725713 [warn ]: [NoNodesSelected (dbt1601)]: Nothing to do. Try checking your model configs and model specification args
08:47:11.725733 [info ]: Started scheduling
08:47:11.726270 [info ]: Finished scheduling [  0.00s]
08:47:11.875663 [debug]: No platform credentials found, skipping remote license
08:47:11.877051 [debug]: License check failed: Feature not licensed: 'lineage'
08:47:11.913349 [info ]: Started building task graph
08:47:11.913775 [info ]: Finished building task graph [  0.00s]
08:47:11.940958 [info ]: Started scheduling
08:47:11.941019 [info ]: Finished scheduling [  0.00s]
08:47:11.941710 [info ]: Cached model count updated: 12 models (accurate)
08:47:13.126374 [info ]: Started loading project
08:47:13.127050 [info ]: Loading ~/.dbt/profiles.yml
08:47:13.152372 [info ]: Cached model count updated: 12 models (estimate)
08:47:13.152400 [info ]: Cached model count updated: 12 models (accurate)
08:47:13.152501 [info ]: Started scheduling
08:47:13.152635 [info ]: Finished scheduling [  0.00s]
08:47:13.152647 [debug]: Compilation - 18 nodes selected: {"model.jaffle_shop.customers", "model.jaffle_shop.locations", "model.jaffle_shop.order_items", "model.jaffle_shop.orders", "model.jaffle_shop.products", "model.jaffle_shop.stg_customers", "model.jaffle_shop.stg_locations", "model.jaffle_shop.stg_order_items", "model.jaffle_shop.stg_orders", "model.jaffle_shop.stg_products", "model.jaffle_shop.stg_supplies", "model.jaffle_shop.supplies", "seed.jaffle_shop.raw_customers", "seed.jaffle_shop.raw_items", "seed.jaffle_shop.raw_orders", "seed.jaffle_shop.raw_products", "seed.jaffle_shop.raw_stores", "seed.jaffle_shop.raw_supplies"}
08:47:13.153420 [debug]: License check failed: Feature not licensed: 'lineage'
08:47:13.153889 [warn ]: [LicenseError (dbt1068)]: Strict static analysis requires logging into dbt. Run dbt login to sign in or create a free account, or provide a dbt_cloud.yml downloaded from dbt platform's account settings. Static analysis is now running in baseline mode.
08:47:13.184686 [info ]: Started building task graph
08:47:13.186419 [info ]: Finished building task graph [  0.00s]
08:47:13.186557 [info ]: Finished loading project [  0.06s]
08:47:13.198926 [info ]: Started rendering (18 nodes)
08:47:13.198963 [info ]: Started model akash.supplies
08:47:13.199067 [debug]: Started rendering model akash.supplies
08:47:13.199091 [info ]: Started model akash.products
08:47:13.199097 [debug]: Started rendering model akash.products
08:47:13.199116 [info ]: Started model akash.locations
08:47:13.199123 [debug]: Started rendering model akash.locations
08:47:13.199133 [info ]: Started model akash.stg_locations
08:47:13.199140 [debug]: Started rendering model akash.stg_locations
08:47:13.199152 [info ]: Started seed akash_raw.raw_stores
08:47:13.199158 [debug]: Started rendering seed akash_raw.raw_stores
08:47:13.199169 [info ]: Started model akash.customers
08:47:13.199176 [debug]: Started rendering model akash.customers
08:47:13.199198 [info ]: Started model akash.stg_customers
08:47:13.199207 [debug]: Started rendering model akash.stg_customers
08:47:13.199217 [info ]: Started seed akash_raw.raw_customers
08:47:13.199225 [debug]: Started rendering seed akash_raw.raw_customers
08:47:13.199234 [info ]: Started model akash.orders
08:47:13.199241 [debug]: Started rendering model akash.orders
08:47:13.199249 [info ]: Started model akash.order_items
08:47:13.199256 [debug]: Started rendering model akash.order_items
08:47:13.199267 [info ]: Started model akash.stg_supplies
08:47:13.199273 [debug]: Started rendering model akash.stg_supplies
08:47:13.199283 [info ]: Started seed akash_raw.raw_supplies
08:47:13.199288 [debug]: Started rendering seed akash_raw.raw_supplies
08:47:13.199311 [info ]: Started model akash.stg_products
08:47:13.199317 [debug]: Started rendering model akash.stg_products
08:47:13.199325 [info ]: Started seed akash_raw.raw_products
08:47:13.199330 [debug]: Started rendering seed akash_raw.raw_products
08:47:13.199338 [info ]: Started model akash.stg_orders
08:47:13.199344 [debug]: Started rendering model akash.stg_orders
08:47:13.199353 [info ]: Started seed akash_raw.raw_orders
08:47:13.199358 [debug]: Started rendering seed akash_raw.raw_orders
08:47:13.199367 [info ]: Started model akash.stg_order_items
08:47:13.199373 [debug]: Started rendering model akash.stg_order_items
08:47:13.199381 [info ]: Started seed akash_raw.raw_items
08:47:13.199386 [debug]: Started rendering seed akash_raw.raw_items
08:47:13.199991 [debug]: Finished rendering [  0.00s] seed akash_raw.raw_stores [success]
08:47:13.200006 [info ]:  Succeeded [-------] seed  akash_raw.raw_stores (table)
08:47:13.200045 [debug]: Finished rendering [  0.00s] seed akash_raw.raw_products [success]
08:47:13.200053 [info ]:  Succeeded [-------] seed  akash_raw.raw_products (table)
08:47:13.200072 [debug]: Finished rendering [  0.00s] seed akash_raw.raw_supplies [success]
08:47:13.200092 [info ]:  Succeeded [-------] seed  akash_raw.raw_supplies (table)
08:47:13.200133 [debug]: Finished rendering [  0.00s] seed akash_raw.raw_customers [success]
08:47:13.200171 [info ]:  Succeeded [-------] seed  akash_raw.raw_customers (table)
08:47:13.200197 [debug]: Finished rendering [  0.00s] seed akash_raw.raw_items [success]
08:47:13.200202 [info ]:  Succeeded [-------] seed  akash_raw.raw_items (table)
08:47:13.200229 [debug]: Finished rendering [  0.00s] seed akash_raw.raw_orders [success]
08:47:13.200239 [info ]:  Succeeded [-------] seed  akash_raw.raw_orders (table)
08:47:13.201995 [debug]: Compiled SQL for node model.jaffle_shop.products at target/.lsp/compiled/jaffle_shop/models/marts/products.sql
08:47:13.202010 [debug]: Compiled SQL for node model.jaffle_shop.customers at target/.lsp/compiled/jaffle_shop/models/marts/customers.sql
08:47:13.202178 [debug]: Compiled SQL for node model.jaffle_shop.order_items at target/.lsp/compiled/jaffle_shop/models/marts/order_items.sql
08:47:13.202268 [debug]: Compiled SQL for node model.jaffle_shop.orders at target/.lsp/compiled/jaffle_shop/models/marts/orders.sql
08:47:13.202296 [debug]: Compiled SQL for node model.jaffle_shop.locations at target/.lsp/compiled/jaffle_shop/models/marts/locations.sql
08:47:13.202299 [debug]: Compiled SQL for node model.jaffle_shop.supplies at target/.lsp/compiled/jaffle_shop/models/marts/supplies.sql
08:47:13.202407 [debug]: Compiled SQL for node model.jaffle_shop.stg_order_items at target/.lsp/compiled/jaffle_shop/models/staging/stg_order_items.sql
08:47:13.202414 [debug]: Compiled SQL for node model.jaffle_shop.stg_locations at target/.lsp/compiled/jaffle_shop/models/staging/stg_locations.sql
08:47:13.202444 [debug]: Compiled SQL for node model.jaffle_shop.stg_customers at target/.lsp/compiled/jaffle_shop/models/staging/stg_customers.sql
08:47:13.202451 [debug]: Finished rendering [  0.00s] model akash.order_items [success]
08:47:13.203022 [info ]: Started analyzing (12 nodes)
08:47:13.203129 [debug]: Started analyzing model akash.order_items
08:47:13.203257 [debug]: Finished rendering [  0.00s] model akash.locations [success]
08:47:13.203271 [debug]: Started analyzing model akash.locations
08:47:13.203279 [debug]: Finished rendering [  0.00s] model akash.supplies [success]
08:47:13.203300 [debug]: Started analyzing model akash.supplies
08:47:13.203313 [debug]: Finished rendering [  0.00s] model akash.products [success]
08:47:13.203321 [debug]: Started analyzing model akash.products
08:47:13.203339 [debug]: Finished rendering [  0.00s] model akash.stg_order_items [success]
08:47:13.203352 [debug]: Started analyzing model akash.stg_order_items
08:47:13.203364 [debug]: Finished rendering [  0.00s] model akash.stg_customers [success]
08:47:13.203372 [debug]: Started analyzing model akash.stg_customers
08:47:13.203445 [debug]: Finished rendering [  0.00s] model akash.orders [success]
08:47:13.203456 [debug]: Started analyzing model akash.orders
08:47:13.203474 [debug]: Finished rendering [  0.00s] model akash.customers [success]
08:47:13.203481 [debug]: Started analyzing model akash.customers
08:47:13.203490 [debug]: Finished rendering [  0.00s] model akash.stg_locations [success]
08:47:13.203497 [debug]: Started analyzing model akash.stg_locations
08:47:13.209326 [debug]: Compiled SQL for node model.jaffle_shop.stg_products at target/.lsp/compiled/jaffle_shop/models/staging/stg_products.sql
08:47:13.209575 [debug]: Compiled SQL for node model.jaffle_shop.stg_orders at target/.lsp/compiled/jaffle_shop/models/staging/stg_orders.sql
08:47:13.210172 [debug]: Compiled SQL for node model.jaffle_shop.stg_supplies at target/.lsp/compiled/jaffle_shop/models/staging/stg_supplies.sql
08:47:13.217627 [debug]: Finished analyzing [  0.01s] model akash.stg_customers [success]
08:47:13.217649 [info ]:  Succeeded [  0.02s] model akash.stg_customers (view)
08:47:13.217665 [debug]: Finished analyzing [  0.01s] model akash.locations [success]
08:47:13.217672 [info ]:  Succeeded [  0.02s] model akash.locations (table)
08:47:13.217682 [debug]: Finished analyzing [  0.01s] model akash.stg_order_items [success]
08:47:13.217687 [info ]:  Succeeded [  0.02s] model akash.stg_order_items (view)
08:47:13.217705 [debug]: Finished rendering [  0.02s] model akash.stg_products [success]
08:47:13.217717 [debug]: Started analyzing model akash.stg_products
08:47:13.217732 [debug]: Finished rendering [  0.02s] model akash.stg_orders [success]
08:47:13.217738 [debug]: Started analyzing model akash.stg_orders
08:47:13.217746 [debug]: Finished analyzing [  0.01s] model akash.supplies [success]
08:47:13.217751 [info ]:  Succeeded [  0.02s] model akash.supplies (table)
08:47:13.217763 [debug]: Finished rendering [  0.02s] model akash.stg_supplies [success]
08:47:13.217769 [info ]: Finished rendering [  0.02s] (18 nodes, 0 skipped, 0 errors)
08:47:13.217776 [debug]: Started analyzing model akash.stg_supplies
08:47:13.217783 [debug]: Finished analyzing [  0.01s] model akash.products [success]
08:47:13.217789 [info ]:  Succeeded [  0.02s] model akash.products (table)
08:47:13.220366 [debug]: Finished analyzing [  0.02s] model akash.stg_locations [success]
08:47:13.220384 [info ]:  Succeeded [  0.02s] model akash.stg_locations (view)
08:47:13.220399 [debug]: Finished analyzing [  0.00s] model akash.stg_orders [success]
08:47:13.220405 [info ]:  Succeeded [  0.02s] model akash.stg_orders (view)
08:47:13.221112 [debug]: Finished analyzing [  0.02s] model akash.order_items [success]
08:47:13.221122 [info ]:  Succeeded [  0.02s] model akash.order_items (table)
08:47:13.221186 [debug]: Finished analyzing [  0.02s] model akash.customers [success]
08:47:13.221198 [info ]:  Succeeded [  0.02s] model akash.customers (table)
08:47:13.222128 [debug]: Finished analyzing [  0.00s] model akash.stg_products [success]
08:47:13.222136 [info ]:  Succeeded [  0.02s] model akash.stg_products (view)
08:47:13.222226 [debug]: Finished analyzing [  0.02s] model akash.orders [success]
08:47:13.222237 [info ]:  Succeeded [  0.02s] model akash.orders (table)
08:47:13.230293 [debug]: Finished analyzing [  0.01s] model akash.stg_supplies [success]
08:47:13.230308 [info ]: Finished analyzing [  0.03s] (12 nodes, 0 skipped, 0 errors)
08:47:13.230313 [info ]:  Succeeded [  0.03s] model akash.stg_supplies (view)
08:47:13.236212 [info ]: Started scheduling
08:47:13.236267 [info ]: Finished scheduling [  0.00s]
08:47:13.236835 [info ]: Cached model count updated: 12 models (accurate)
==================== 2026-06-24T08:53:36.891437Z | 00000000-0000-0000-0000-000000000000 ====================
==================== 2026-06-24T08:53:36.901250Z | 753bc9ca-4857-4beb-b4c6-47683d769f9e ====================
08:53:36.901734 [info ]: Starting dbt LSP server
08:53:36.901980 [info ]: Connecting to LSP client on port 8001
08:53:36.902700 [info ]: Successfully connected to LSP client
08:53:36.902813 [info ]: Creating LSP service...
08:53:36.992019 [info ]: Creating LSP server...
08:53:36.992044 [info ]: Starting LSP server...
08:53:37.026400 [info ]: Loading ~/.dbt/profiles.yml
08:53:37.065161 [info ]: Started loading project
08:53:37.069742 [info ]: Loading ~/.dbt/profiles.yml
08:53:37.281612 [info ]:    Started resolving packages from packages.yml
08:53:37.401711 [info ]:   Finished [  0.12s] resolving packages from packages.yml (1 items)
08:53:37.402421 [debug]:    Started loading packages
08:53:37.407139 [debug]:     Loaded [  0.00s] packages
08:53:37.411257 [info ]: Finished loading project [  0.35s]
08:53:37.414128 [info ]: Started parsing
08:53:37.483215 [debug]: Finished parsing models/marts/customers.yml [  0.01s]
08:53:37.484506 [debug]: Finished parsing models/marts/order_items.yml [  0.00s]
08:53:37.484942 [debug]: Finished parsing models/marts/orders.yml [  0.00s]
08:53:37.485787 [debug]: Finished parsing models/staging/__sources.yml [  0.00s]
08:53:37.485988 [debug]: Finished parsing models/staging/stg_customers.yml [  0.00s]
08:53:37.486256 [debug]: Finished parsing models/staging/stg_locations.yml [  0.00s]
08:53:37.486409 [debug]: Finished parsing models/staging/stg_order_items.yml [  0.00s]
08:53:37.486581 [debug]: Finished parsing models/staging/stg_orders.yml [  0.00s]
08:53:37.486707 [debug]: Finished parsing models/staging/stg_products.yml [  0.00s]
08:53:37.486874 [debug]: Finished parsing models/staging/stg_supplies.yml [  0.00s]
08:53:37.502571 [debug]: Finished parsing models/marts/customers.sql [  0.00s]
08:53:37.502890 [debug]: Finished parsing models/marts/locations.sql [  0.00s]
08:53:37.503471 [debug]: Finished parsing models/marts/order_items.sql [  0.00s]
08:53:37.503818 [debug]: Finished parsing models/marts/orders.sql [  0.00s]
08:53:37.504061 [debug]: Finished parsing models/marts/products.sql [  0.00s]
08:53:37.504331 [debug]: Finished parsing models/marts/supplies.sql [  0.00s]
08:53:37.504623 [debug]: Finished parsing models/staging/stg_customers.sql [  0.00s]
08:53:37.504950 [debug]: Finished parsing models/staging/stg_locations.sql [  0.00s]
08:53:37.505406 [debug]: Finished parsing models/staging/stg_order_items.sql [  0.00s]
08:53:37.506191 [debug]: Finished parsing models/staging/stg_orders.sql [  0.00s]
08:53:37.506468 [debug]: Finished parsing models/staging/stg_products.sql [  0.00s]
08:53:37.508300 [debug]: Finished parsing models/staging/stg_supplies.sql [  0.00s]
08:53:37.520198 [info ]: Finished parsing [  0.11s]
08:53:37.521768 [info ]: Cached model count updated: 12 models (estimate)
08:53:37.521778 [info ]: Cached model count updated: 12 models (accurate)
08:53:37.523250 [info ]: Started scheduling
08:53:37.524538 [info ]: Finished scheduling [  0.00s]
08:53:37.524546 [debug]: Compilation - 0 nodes selected: {}
08:53:37.524934 [warn ]: [NoNodesForSelectionCriteria (dbt1092)]: The selection criterion '' does not match any enabled nodes
08:53:37.525170 [warn ]: [NoNodesSelected (dbt1601)]: Nothing to do. Try checking your model configs and model specification args
08:53:37.525190 [info ]: Started scheduling
08:53:37.526016 [info ]: Finished scheduling [  0.00s]
08:53:37.680221 [debug]: No platform credentials found, skipping remote license
08:53:37.680775 [debug]: License check failed: Feature not licensed: 'lineage'
08:53:37.718169 [info ]: Started building task graph
08:53:37.719272 [info ]: Finished building task graph [  0.00s]
08:53:37.747026 [info ]: Started scheduling
08:53:37.747082 [info ]: Finished scheduling [  0.00s]
08:53:37.747707 [info ]: Cached model count updated: 12 models (accurate)
08:53:38.927279 [info ]: Started loading project
08:53:38.927949 [info ]: Loading ~/.dbt/profiles.yml
08:53:38.953896 [info ]: Cached model count updated: 12 models (estimate)
08:53:38.953924 [info ]: Cached model count updated: 12 models (accurate)
08:53:38.953966 [info ]: Started scheduling
08:53:38.954246 [info ]: Finished scheduling [  0.00s]
08:53:38.954278 [debug]: Compilation - 18 nodes selected: {"model.jaffle_shop.customers", "model.jaffle_shop.locations", "model.jaffle_shop.order_items", "model.jaffle_shop.orders", "model.jaffle_shop.products", "model.jaffle_shop.stg_customers", "model.jaffle_shop.stg_locations", "model.jaffle_shop.stg_order_items", "model.jaffle_shop.stg_orders", "model.jaffle_shop.stg_products", "model.jaffle_shop.stg_supplies", "model.jaffle_shop.supplies", "seed.jaffle_shop.raw_customers", "seed.jaffle_shop.raw_items", "seed.jaffle_shop.raw_orders", "seed.jaffle_shop.raw_products", "seed.jaffle_shop.raw_stores", "seed.jaffle_shop.raw_supplies"}
08:53:38.955261 [debug]: License check failed: Feature not licensed: 'lineage'
08:53:38.956791 [warn ]: [LicenseError (dbt1068)]: Strict static analysis requires logging into dbt. Run dbt login to sign in or create a free account, or provide a dbt_cloud.yml downloaded from dbt platform's account settings. Static analysis is now running in baseline mode.
08:53:38.986234 [info ]: Started building task graph
08:53:38.987409 [info ]: Finished building task graph [  0.00s]
08:53:38.987505 [info ]: Finished loading project [  0.06s]
08:53:39.000855 [info ]: Started rendering (18 nodes)
08:53:39.001062 [info ]: Started model akash.supplies
08:53:39.001087 [debug]: Started rendering model akash.supplies
08:53:39.001112 [info ]: Started model akash.products
08:53:39.001120 [debug]: Started rendering model akash.products
08:53:39.001131 [info ]: Started model akash.locations
08:53:39.001138 [debug]: Started rendering model akash.locations
08:53:39.001145 [info ]: Started model akash.stg_locations
08:53:39.001151 [debug]: Started rendering model akash.stg_locations
08:53:39.001160 [info ]: Started seed akash_raw.raw_stores
08:53:39.001165 [debug]: Started rendering seed akash_raw.raw_stores
08:53:39.001173 [info ]: Started model akash.customers
08:53:39.001180 [debug]: Started rendering model akash.customers
08:53:39.001188 [info ]: Started model akash.stg_customers
08:53:39.001195 [debug]: Started rendering model akash.stg_customers
08:53:39.001204 [info ]: Started seed akash_raw.raw_customers
08:53:39.001210 [debug]: Started rendering seed akash_raw.raw_customers
08:53:39.001246 [info ]: Started model akash.orders
08:53:39.001256 [debug]: Started rendering model akash.orders
08:53:39.001266 [info ]: Started model akash.order_items
08:53:39.001272 [debug]: Started rendering model akash.order_items
08:53:39.001281 [info ]: Started model akash.stg_supplies
08:53:39.001287 [debug]: Started rendering model akash.stg_supplies
08:53:39.001295 [info ]: Started seed akash_raw.raw_supplies
08:53:39.001302 [debug]: Started rendering seed akash_raw.raw_supplies
08:53:39.001309 [info ]: Started model akash.stg_products
08:53:39.001315 [debug]: Started rendering model akash.stg_products
08:53:39.001324 [info ]: Started seed akash_raw.raw_products
08:53:39.001330 [debug]: Started rendering seed akash_raw.raw_products
08:53:39.001337 [info ]: Started model akash.stg_orders
08:53:39.001358 [debug]: Started rendering model akash.stg_orders
08:53:39.001372 [info ]: Started seed akash_raw.raw_orders
08:53:39.001380 [debug]: Started rendering seed akash_raw.raw_orders
08:53:39.001390 [info ]: Started model akash.stg_order_items
08:53:39.001397 [debug]: Started rendering model akash.stg_order_items
08:53:39.001406 [info ]: Started seed akash_raw.raw_items
08:53:39.001412 [debug]: Started rendering seed akash_raw.raw_items
08:53:39.002562 [debug]: Finished rendering [  0.00s] seed akash_raw.raw_items [success]
08:53:39.002575 [info ]:  Succeeded [  0.00s] seed  akash_raw.raw_items (table)
08:53:39.002680 [debug]: Finished rendering [  0.00s] seed akash_raw.raw_products [success]
08:53:39.002694 [info ]:  Succeeded [  0.00s] seed  akash_raw.raw_products (table)
08:53:39.002706 [debug]: Finished rendering [  0.00s] seed akash_raw.raw_customers [success]
08:53:39.002715 [info ]:  Succeeded [  0.00s] seed  akash_raw.raw_customers (table)
08:53:39.002725 [debug]: Finished rendering [  0.00s] seed akash_raw.raw_stores [success]
08:53:39.002733 [info ]:  Succeeded [  0.00s] seed  akash_raw.raw_stores (table)
08:53:39.002742 [debug]: Finished rendering [  0.00s] seed akash_raw.raw_supplies [success]
08:53:39.002751 [info ]:  Succeeded [  0.00s] seed  akash_raw.raw_supplies (table)
08:53:39.002763 [debug]: Finished rendering [  0.00s] seed akash_raw.raw_orders [success]
08:53:39.002769 [info ]:  Succeeded [  0.00s] seed  akash_raw.raw_orders (table)
08:53:39.007030 [debug]: Compiled SQL for node model.jaffle_shop.locations at target/.lsp/compiled/jaffle_shop/models/marts/locations.sql
08:53:39.007043 [debug]: Compiled SQL for node model.jaffle_shop.supplies at target/.lsp/compiled/jaffle_shop/models/marts/supplies.sql
08:53:39.007052 [debug]: Compiled SQL for node model.jaffle_shop.stg_locations at target/.lsp/compiled/jaffle_shop/models/staging/stg_locations.sql
08:53:39.007066 [debug]: Compiled SQL for node model.jaffle_shop.stg_order_items at target/.lsp/compiled/jaffle_shop/models/staging/stg_order_items.sql
08:53:39.007071 [debug]: Compiled SQL for node model.jaffle_shop.order_items at target/.lsp/compiled/jaffle_shop/models/marts/order_items.sql
08:53:39.007075 [debug]: Compiled SQL for node model.jaffle_shop.orders at target/.lsp/compiled/jaffle_shop/models/marts/orders.sql
08:53:39.007076 [debug]: Compiled SQL for node model.jaffle_shop.stg_customers at target/.lsp/compiled/jaffle_shop/models/staging/stg_customers.sql
08:53:39.007088 [debug]: Compiled SQL for node model.jaffle_shop.products at target/.lsp/compiled/jaffle_shop/models/marts/products.sql
08:53:39.007080 [debug]: Compiled SQL for node model.jaffle_shop.customers at target/.lsp/compiled/jaffle_shop/models/marts/customers.sql
08:53:39.007592 [debug]: Finished rendering [  0.01s] model akash.locations [success]
08:53:39.008261 [info ]: Started analyzing (12 nodes)
08:53:39.008650 [debug]: Started analyzing model akash.locations
08:53:39.009336 [debug]: Finished rendering [  0.01s] model akash.supplies [success]
08:53:39.009383 [debug]: Started analyzing model akash.supplies
08:53:39.009422 [debug]: Finished rendering [  0.01s] model akash.stg_order_items [success]
08:53:39.009459 [debug]: Started analyzing model akash.stg_order_items
08:53:39.009540 [debug]: Finished rendering [  0.01s] model akash.products [success]
08:53:39.009551 [debug]: Started analyzing model akash.products
08:53:39.009563 [debug]: Finished rendering [  0.01s] model akash.customers [success]
08:53:39.009571 [debug]: Started analyzing model akash.customers
08:53:39.009583 [debug]: Finished rendering [  0.01s] model akash.order_items [success]
08:53:39.009591 [debug]: Started analyzing model akash.order_items
08:53:39.009602 [debug]: Finished rendering [  0.01s] model akash.stg_locations [success]
08:53:39.009610 [debug]: Started analyzing model akash.stg_locations
08:53:39.009687 [debug]: Finished rendering [  0.01s] model akash.orders [success]
08:53:39.009737 [debug]: Started analyzing model akash.orders
08:53:39.009754 [debug]: Finished rendering [  0.01s] model akash.stg_customers [success]
08:53:39.009764 [debug]: Started analyzing model akash.stg_customers
08:53:39.020764 [debug]: Compiled SQL for node model.jaffle_shop.stg_products at target/.lsp/compiled/jaffle_shop/models/staging/stg_products.sql
08:53:39.021084 [debug]: Compiled SQL for node model.jaffle_shop.stg_orders at target/.lsp/compiled/jaffle_shop/models/staging/stg_orders.sql
08:53:39.022105 [debug]: Compiled SQL for node model.jaffle_shop.stg_supplies at target/.lsp/compiled/jaffle_shop/models/staging/stg_supplies.sql
08:53:39.034192 [debug]: Finished analyzing [  0.02s] model akash.supplies [success]
08:53:39.034214 [info ]:  Succeeded [  0.03s] model akash.supplies (table)
08:53:39.034229 [debug]: Finished analyzing [  0.03s] model akash.locations [success]
08:53:39.034237 [info ]:  Succeeded [  0.03s] model akash.locations (table)
08:53:39.034248 [debug]: Finished rendering [  0.03s] model akash.stg_products [success]
08:53:39.034262 [debug]: Started analyzing model akash.stg_products
08:53:39.034289 [debug]: Finished rendering [  0.03s] model akash.stg_orders [success]
08:53:39.034299 [debug]: Started analyzing model akash.stg_orders
08:53:39.034315 [debug]: Finished rendering [  0.03s] model akash.stg_supplies [success]
08:53:39.034324 [info ]: Finished rendering [  0.03s] (18 nodes, 0 skipped, 0 errors)
08:53:39.034331 [debug]: Started analyzing model akash.stg_supplies
08:53:39.034340 [debug]: Finished analyzing [  0.02s] model akash.stg_locations [success]
08:53:39.034347 [info ]:  Succeeded [  0.03s] model akash.stg_locations (view)
08:53:39.034359 [debug]: Finished analyzing [  0.02s] model akash.stg_order_items [success]
08:53:39.034376 [info ]:  Succeeded [  0.03s] model akash.stg_order_items (view)
08:53:39.034388 [debug]: Finished analyzing [  0.02s] model akash.products [success]
08:53:39.034395 [info ]:  Succeeded [  0.03s] model akash.products (table)
08:53:39.034404 [debug]: Finished analyzing [  0.02s] model akash.stg_customers [success]
08:53:39.034418 [info ]:  Succeeded [  0.03s] model akash.stg_customers (view)
08:53:39.035381 [debug]: Finished analyzing [  0.03s] model akash.order_items [success]
08:53:39.035393 [info ]:  Succeeded [  0.03s] model akash.order_items (table)
08:53:39.036437 [debug]: Finished analyzing [  0.00s] model akash.stg_orders [success]
08:53:39.036447 [info ]:  Succeeded [  0.03s] model akash.stg_orders (view)
08:53:39.036691 [debug]: Finished analyzing [  0.03s] model akash.customers [success]
08:53:39.036703 [info ]:  Succeeded [  0.04s] model akash.customers (table)
08:53:39.036967 [debug]: Finished analyzing [  0.03s] model akash.orders [success]
08:53:39.036977 [info ]:  Succeeded [  0.04s] model akash.orders (table)
08:53:39.037898 [debug]: Finished analyzing [  0.00s] model akash.stg_products [success]
08:53:39.037907 [info ]:  Succeeded [  0.04s] model akash.stg_products (view)
08:53:39.046300 [debug]: Finished analyzing [  0.01s] model akash.stg_supplies [success]
08:53:39.046316 [info ]: Finished analyzing [  0.04s] (12 nodes, 0 skipped, 0 errors)
08:53:39.046322 [info ]:  Succeeded [  0.04s] model akash.stg_supplies (view)
08:53:39.051549 [info ]: Started scheduling
08:53:39.051606 [info ]: Finished scheduling [  0.00s]
08:53:39.052211 [info ]: Cached model count updated: 12 models (accurate)
10:58:44.410633 [info ]: Loading ~/.dbt/profiles.yml
10:58:44.453672 [info ]: Started loading project
10:58:44.460772 [info ]: Loading ~/.dbt/profiles.yml
10:58:44.481722 [info ]: Started loading project
10:58:44.481944 [info ]: Loading ~/.dbt/profiles.yml
10:58:44.481954 [info ]: Finished loading project [  0.03s]
10:58:44.660056 [info ]:    Started resolving packages from packages.yml
10:58:44.663036 [info ]:     Failed [  0.00s] resolving packages from packages.yml (error: Operation cancelled)
10:58:44.665263 [info ]: Finished loading project [  0.18s]
10:58:44.683156 [info ]: Waiting for lease on 'target' directory
10:58:44.990845 [info ]: Loading ~/.dbt/profiles.yml
10:58:44.994857 [info ]: Waiting for lease on 'target' directory
10:58:45.508676 [info ]: Loading ~/.dbt/profiles.yml
10:58:45.512311 [info ]: Waiting for lease on 'target' directory
10:58:45.913096 [info ]: Loading ~/.dbt/profiles.yml
10:58:46.034919 [info ]: Waiting for lease on 'target' directory
10:58:46.547705 [info ]: Started loading project
10:58:46.547958 [info ]: Loading ~/.dbt/profiles.yml
10:58:46.760934 [info ]:    Started resolving packages from packages.yml
10:58:46.941537 [info ]:   Finished [  0.18s] resolving packages from packages.yml (1 items)
10:58:46.943096 [debug]:    Started loading packages
10:58:46.948041 [debug]:     Loaded [  0.00s] packages
10:58:46.949714 [info ]: Finished loading project [  0.40s]
10:58:46.952829 [info ]: Started parsing
10:58:47.026667 [debug]: Finished parsing models/marts/customers.yml [  0.00s]
10:58:47.027372 [debug]: Finished parsing models/marts/order_items.yml [  0.00s]
10:58:47.027759 [debug]: Finished parsing models/marts/orders.yml [  0.00s]
10:58:47.028521 [debug]: Finished parsing models/staging/__sources.yml [  0.00s]
10:58:47.028788 [debug]: Finished parsing models/staging/stg_customers.yml [  0.00s]
10:58:47.028990 [debug]: Finished parsing models/staging/stg_locations.yml [  0.00s]
10:58:47.029181 [debug]: Finished parsing models/staging/stg_order_items.yml [  0.00s]
10:58:47.029307 [debug]: Finished parsing models/staging/stg_orders.yml [  0.00s]
10:58:47.029469 [debug]: Finished parsing models/staging/stg_products.yml [  0.00s]
10:58:47.029580 [debug]: Finished parsing models/staging/stg_supplies.yml [  0.00s]
10:58:47.046642 [debug]: Finished parsing models/marts/customers.sql [  0.00s]
10:58:47.047638 [debug]: Finished parsing models/marts/locations.sql [  0.00s]
10:58:47.048361 [debug]: Finished parsing models/marts/order_items.sql [  0.00s]
10:58:47.048766 [debug]: Finished parsing models/marts/orders.sql [  0.00s]
10:58:47.049067 [debug]: Finished parsing models/marts/products.sql [  0.00s]
10:58:47.049339 [debug]: Finished parsing models/marts/supplies.sql [  0.00s]
10:58:47.049773 [debug]: Finished parsing models/staging/stg_customers.sql [  0.00s]
10:58:47.050552 [debug]: Finished parsing models/staging/stg_locations.sql [  0.00s]
10:58:47.050846 [debug]: Finished parsing models/staging/stg_order_items.sql [  0.00s]
10:58:47.051769 [debug]: Finished parsing models/staging/stg_orders.sql [  0.00s]
10:58:47.052294 [debug]: Finished parsing models/staging/stg_products.sql [  0.00s]
10:58:47.054031 [debug]: Finished parsing models/staging/stg_supplies.sql [  0.00s]
10:58:47.067126 [info ]: Finished parsing [  0.11s]
10:58:47.069161 [info ]: Cached model count updated: 12 models (estimate)
10:58:47.069175 [info ]: Cached model count updated: 12 models (accurate)
10:58:47.070203 [info ]: Started scheduling
10:58:47.073409 [info ]: Finished scheduling [  0.00s]
10:58:47.073430 [debug]: Compilation - 0 nodes selected: {}
10:58:47.074051 [warn ]: [NoNodesForSelectionCriteria (dbt1092)]: The selection criterion '' does not match any enabled nodes
10:58:47.074651 [warn ]: [NoNodesSelected (dbt1601)]: Nothing to do. Try checking your model configs and model specification args
10:58:47.074763 [info ]: Started scheduling
10:58:47.075483 [info ]: Finished scheduling [  0.00s]
10:58:47.083184 [debug]: License check failed: Feature not licensed: 'lineage'
10:58:47.122473 [info ]: Started building task graph
10:58:47.123349 [info ]: Finished building task graph [  0.00s]
10:58:47.152126 [info ]: Started scheduling
10:58:47.152192 [info ]: Finished scheduling [  0.00s]
10:58:47.152760 [info ]: Cached model count updated: 12 models (accurate)
10:58:48.329282 [info ]: Started loading project
10:58:48.329695 [info ]: Loading ~/.dbt/profiles.yml
10:58:48.368484 [info ]: Cached model count updated: 12 models (estimate)
10:58:48.368508 [info ]: Cached model count updated: 12 models (accurate)
10:58:48.368553 [info ]: Started scheduling
10:58:48.368690 [info ]: Finished scheduling [  0.00s]
10:58:48.368702 [debug]: Compilation - 18 nodes selected: {"model.jaffle_shop.customers", "model.jaffle_shop.locations", "model.jaffle_shop.order_items", "model.jaffle_shop.orders", "model.jaffle_shop.products", "model.jaffle_shop.stg_customers", "model.jaffle_shop.stg_locations", "model.jaffle_shop.stg_order_items", "model.jaffle_shop.stg_orders", "model.jaffle_shop.stg_products", "model.jaffle_shop.stg_supplies", "model.jaffle_shop.supplies", "seed.jaffle_shop.raw_customers", "seed.jaffle_shop.raw_items", "seed.jaffle_shop.raw_orders", "seed.jaffle_shop.raw_products", "seed.jaffle_shop.raw_stores", "seed.jaffle_shop.raw_supplies"}
10:58:48.369634 [debug]: License check failed: Feature not licensed: 'lineage'
10:58:48.401191 [info ]: Started building task graph
10:58:48.403032 [info ]: Finished building task graph [  0.00s]
10:58:48.403144 [info ]: Finished loading project [  0.07s]
10:58:48.416883 [info ]: Started rendering (18 nodes)
10:58:48.417116 [info ]: Started model akash_dbt.supplies
10:58:48.417233 [debug]: Started rendering model akash_dbt.supplies
10:58:48.417350 [info ]: Started model akash_dbt.products
10:58:48.417357 [debug]: Started rendering model akash_dbt.products
10:58:48.417368 [info ]: Started model akash_dbt.locations
10:58:48.417375 [debug]: Started rendering model akash_dbt.locations
10:58:48.417385 [info ]: Started model akash_dbt.stg_locations
10:58:48.417393 [debug]: Started rendering model akash_dbt.stg_locations
10:58:48.417404 [info ]: Started seed akash_dbt.raw_stores
10:58:48.417410 [debug]: Started rendering seed akash_dbt.raw_stores
10:58:48.417421 [info ]: Started model akash_dbt.customers
10:58:48.417427 [debug]: Started rendering model akash_dbt.customers
10:58:48.417437 [info ]: Started model akash_dbt.stg_customers
10:58:48.417442 [debug]: Started rendering model akash_dbt.stg_customers
10:58:48.417453 [info ]: Started seed akash_dbt.raw_customers
10:58:48.417484 [debug]: Started rendering seed akash_dbt.raw_customers
10:58:48.417498 [info ]: Started model akash_dbt.orders
10:58:48.417505 [debug]: Started rendering model akash_dbt.orders
10:58:48.417512 [info ]: Started model akash_dbt.order_items
10:58:48.417518 [debug]: Started rendering model akash_dbt.order_items
10:58:48.417526 [info ]: Started model akash_dbt.stg_supplies
10:58:48.417534 [debug]: Started rendering model akash_dbt.stg_supplies
10:58:48.417543 [info ]: Started seed akash_dbt.raw_supplies
10:58:48.417549 [debug]: Started rendering seed akash_dbt.raw_supplies
10:58:48.417558 [info ]: Started model akash_dbt.stg_products
10:58:48.417565 [debug]: Started rendering model akash_dbt.stg_products
10:58:48.417573 [info ]: Started seed akash_dbt.raw_products
10:58:48.417592 [debug]: Started rendering seed akash_dbt.raw_products
10:58:48.417603 [info ]: Started model akash_dbt.stg_orders
10:58:48.417609 [debug]: Started rendering model akash_dbt.stg_orders
10:58:48.417620 [info ]: Started seed akash_dbt.raw_orders
10:58:48.417627 [debug]: Started rendering seed akash_dbt.raw_orders
10:58:48.417635 [info ]: Started model akash_dbt.stg_order_items
10:58:48.417642 [debug]: Started rendering model akash_dbt.stg_order_items
10:58:48.417651 [info ]: Started seed akash_dbt.raw_items
10:58:48.417658 [debug]: Started rendering seed akash_dbt.raw_items
10:58:48.418647 [debug]: Finished rendering [  0.00s] seed akash_dbt.raw_customers [success]
10:58:48.418661 [info ]:  Succeeded [  0.00s] seed  akash_dbt.raw_customers (table)
10:58:48.419263 [debug]: Finished rendering [  0.00s] seed akash_dbt.raw_stores [success]
10:58:48.419284 [info ]:  Succeeded [  0.00s] seed  akash_dbt.raw_stores (table)
10:58:48.419558 [debug]: Finished rendering [  0.00s] seed akash_dbt.raw_supplies [success]
10:58:48.419610 [info ]:  Succeeded [  0.00s] seed  akash_dbt.raw_supplies (table)
10:58:48.419639 [debug]: Finished rendering [  0.00s] seed akash_dbt.raw_products [success]
10:58:48.419670 [info ]:  Succeeded [  0.00s] seed  akash_dbt.raw_products (table)
10:58:48.419705 [debug]: Finished rendering [  0.00s] seed akash_dbt.raw_orders [success]
10:58:48.419725 [info ]:  Succeeded [  0.00s] seed  akash_dbt.raw_orders (table)
10:58:48.419748 [debug]: Finished rendering [  0.00s] seed akash_dbt.raw_items [success]
10:58:48.419787 [info ]:  Succeeded [  0.00s] seed  akash_dbt.raw_items (table)
10:58:48.421709 [debug]: Compiled SQL for node model.jaffle_shop.customers at target/.lsp/compiled/jaffle_shop/models/marts/customers.sql
10:58:48.421740 [debug]: Compiled SQL for node model.jaffle_shop.products at target/.lsp/compiled/jaffle_shop/models/marts/products.sql
10:58:48.421746 [debug]: Compiled SQL for node model.jaffle_shop.stg_locations at target/.lsp/compiled/jaffle_shop/models/staging/stg_locations.sql
10:58:48.421751 [debug]: Compiled SQL for node model.jaffle_shop.stg_order_items at target/.lsp/compiled/jaffle_shop/models/staging/stg_order_items.sql
10:58:48.421750 [debug]: Compiled SQL for node model.jaffle_shop.stg_customers at target/.lsp/compiled/jaffle_shop/models/staging/stg_customers.sql
10:58:48.421754 [debug]: Compiled SQL for node model.jaffle_shop.supplies at target/.lsp/compiled/jaffle_shop/models/marts/supplies.sql
10:58:48.421758 [debug]: Compiled SQL for node model.jaffle_shop.orders at target/.lsp/compiled/jaffle_shop/models/marts/orders.sql
10:58:48.421711 [debug]: Compiled SQL for node model.jaffle_shop.locations at target/.lsp/compiled/jaffle_shop/models/marts/locations.sql
10:58:48.421816 [debug]: Compiled SQL for node model.jaffle_shop.order_items at target/.lsp/compiled/jaffle_shop/models/marts/order_items.sql
10:58:48.422011 [debug]: Finished rendering [  0.00s] model akash_dbt.locations [success]
10:58:48.422463 [info ]: Started analyzing (12 nodes)
10:58:48.422589 [debug]: Started analyzing model akash_dbt.locations
10:58:48.422856 [debug]: Finished rendering [  0.01s] model akash_dbt.order_items [success]
10:58:48.422869 [debug]: Started analyzing model akash_dbt.order_items
10:58:48.422880 [debug]: Finished rendering [  0.01s] model akash_dbt.customers [success]
10:58:48.422888 [debug]: Started analyzing model akash_dbt.customers
10:58:48.422900 [debug]: Finished rendering [  0.01s] model akash_dbt.stg_locations [success]
10:58:48.422908 [debug]: Started analyzing model akash_dbt.stg_locations
10:58:48.422919 [debug]: Finished rendering [  0.01s] model akash_dbt.supplies [success]
10:58:48.422927 [debug]: Started analyzing model akash_dbt.supplies
10:58:48.422943 [debug]: Finished rendering [  0.01s] model akash_dbt.products [success]
10:58:48.422958 [debug]: Started analyzing model akash_dbt.products
10:58:48.422967 [debug]: Finished rendering [  0.01s] model akash_dbt.stg_order_items [success]
10:58:48.422973 [debug]: Started analyzing model akash_dbt.stg_order_items
10:58:48.423028 [debug]: Finished rendering [  0.01s] model akash_dbt.stg_customers [success]
10:58:48.423037 [debug]: Started analyzing model akash_dbt.stg_customers
10:58:48.423051 [debug]: Finished rendering [  0.01s] model akash_dbt.orders [success]
10:58:48.423065 [debug]: Started analyzing model akash_dbt.orders
10:58:48.437348 [debug]: Finished analyzing [  0.01s] model akash_dbt.products [success]
10:58:48.437369 [info ]:  Succeeded [  0.02s] model akash_dbt.products (table)
10:58:48.437385 [debug]: Finished analyzing [  0.01s] model akash_dbt.stg_locations [success]
10:58:48.437400 [info ]:  Succeeded [  0.02s] model akash_dbt.stg_locations (view)
10:58:48.437418 [debug]: Finished analyzing [  0.01s] model akash_dbt.stg_customers [success]
10:58:48.437424 [info ]:  Succeeded [  0.02s] model akash_dbt.stg_customers (view)
10:58:48.437434 [debug]: Finished analyzing [  0.01s] model akash_dbt.supplies [success]
10:58:48.437449 [info ]:  Succeeded [  0.02s] model akash_dbt.supplies (table)
10:58:48.437467 [debug]: Finished analyzing [  0.01s] model akash_dbt.stg_order_items [success]
10:58:48.437474 [info ]:  Succeeded [  0.02s] model akash_dbt.stg_order_items (view)
10:58:48.437484 [debug]: Finished analyzing [  0.01s] model akash_dbt.locations [success]
10:58:48.437491 [info ]:  Succeeded [  0.02s] model akash_dbt.locations (table)
10:58:48.437502 [debug]: Finished analyzing [  0.01s] model akash_dbt.customers [success]
10:58:48.437508 [info ]:  Succeeded [  0.02s] model akash_dbt.customers (table)
10:58:48.437519 [debug]: Finished analyzing [  0.01s] model akash_dbt.order_items [success]
10:58:48.437526 [info ]:  Succeeded [  0.02s] model akash_dbt.order_items (table)
10:58:48.437887 [debug]: Compiled SQL for node model.jaffle_shop.stg_products at target/.lsp/compiled/jaffle_shop/models/staging/stg_products.sql
10:58:48.438040 [debug]: Finished rendering [  0.02s] model akash_dbt.stg_products [success]
10:58:48.438056 [debug]: Started analyzing model akash_dbt.stg_products
10:58:48.438171 [debug]: Finished analyzing [  0.02s] model akash_dbt.orders [success]
10:58:48.438179 [info ]:  Succeeded [  0.02s] model akash_dbt.orders (table)
10:58:48.438257 [debug]: Finished analyzing [  0.00s] model akash_dbt.stg_products [success]
10:58:48.438267 [info ]:  Succeeded [  0.02s] model akash_dbt.stg_products (view)
10:58:48.438275 [debug]: Compiled SQL for node model.jaffle_shop.stg_orders at target/.lsp/compiled/jaffle_shop/models/staging/stg_orders.sql
10:58:48.438340 [debug]: Finished rendering [  0.02s] model akash_dbt.stg_orders [success]
10:58:48.438354 [debug]: Started analyzing model akash_dbt.stg_orders
10:58:48.438473 [debug]: Finished analyzing [  0.00s] model akash_dbt.stg_orders [success]
10:58:48.438482 [info ]:  Succeeded [  0.02s] model akash_dbt.stg_orders (view)
10:58:48.438681 [debug]: Compiled SQL for node model.jaffle_shop.stg_supplies at target/.lsp/compiled/jaffle_shop/models/staging/stg_supplies.sql
10:58:48.438738 [debug]: Finished rendering [  0.02s] model akash_dbt.stg_supplies [success]
10:58:48.438746 [info ]: Finished rendering [  0.02s] (18 nodes, 0 skipped, 0 errors)
10:58:48.438754 [debug]: Started analyzing model akash_dbt.stg_supplies
10:58:48.439783 [debug]: Finished analyzing [  0.00s] model akash_dbt.stg_supplies [success]
10:58:48.439790 [info ]: Finished analyzing [  0.02s] (12 nodes, 0 skipped, 0 errors)
10:58:48.439795 [info ]:  Succeeded [  0.02s] model akash_dbt.stg_supplies (view)
10:58:48.444991 [info ]: Started scheduling
10:58:48.445046 [info ]: Finished scheduling [  0.00s]
10:58:48.445647 [info ]: Cached model count updated: 12 models (accurate)
10:59:34.400255 [debug]: License check failed: Feature not licensed: 'lineage'
10:59:56.750250 [info ]: Started loading project
10:59:56.750616 [info ]: Loading ~/.dbt/profiles.yml
10:59:56.782869 [info ]: Finished loading project [  0.03s]
10:59:56.783219 [info ]: Cached model count updated: 12 models (accurate)
10:59:56.807583 [debug]: License check failed: Feature not licensed: 'lineage'
10:59:57.036601 [debug]: License check failed: Feature not licensed: 'lineage'
10:59:57.998354 [info ]: Started loading project
10:59:57.999254 [info ]: Loading ~/.dbt/profiles.yml
10:59:58.050038 [info ]: Cached model count updated: 12 models (estimate)
10:59:58.050069 [info ]: Cached model count updated: 12 models (accurate)
10:59:58.050185 [info ]: Started scheduling
10:59:58.050458 [info ]: Finished scheduling [  0.00s]
10:59:58.050479 [debug]: Compilation - 18 nodes selected: {"model.jaffle_shop.customers", "model.jaffle_shop.locations", "model.jaffle_shop.order_items", "model.jaffle_shop.orders", "model.jaffle_shop.products", "model.jaffle_shop.stg_customers", "model.jaffle_shop.stg_locations", "model.jaffle_shop.stg_order_items", "model.jaffle_shop.stg_orders", "model.jaffle_shop.stg_products", "model.jaffle_shop.stg_supplies", "model.jaffle_shop.supplies", "seed.jaffle_shop.raw_customers", "seed.jaffle_shop.raw_items", "seed.jaffle_shop.raw_orders", "seed.jaffle_shop.raw_products", "seed.jaffle_shop.raw_stores", "seed.jaffle_shop.raw_supplies"}
10:59:58.051672 [debug]: License check failed: Feature not licensed: 'lineage'
10:59:58.090652 [info ]: Started building task graph
10:59:58.090759 [info ]: Finished building task graph [  0.00s]
10:59:58.090877 [info ]: Finished loading project [  0.09s]
10:59:58.094739 [info ]: Started rendering (18 nodes)
10:59:58.094755 [info ]: Started model akash_dbt.supplies
10:59:58.094767 [debug]: Started rendering model akash_dbt.supplies
10:59:58.094780 [info ]: Started model akash_dbt.products
10:59:58.094787 [debug]: Started rendering model akash_dbt.products
10:59:58.094795 [info ]: Started model akash_dbt.locations
10:59:58.094800 [debug]: Started rendering model akash_dbt.locations
10:59:58.094810 [info ]: Started model akash_dbt.stg_locations
10:59:58.094817 [debug]: Started rendering model akash_dbt.stg_locations
10:59:58.094825 [info ]: Started seed akash_dbt.raw_stores
10:59:58.094831 [debug]: Started rendering seed akash_dbt.raw_stores
10:59:58.094839 [info ]: Started model akash_dbt.customers
10:59:58.094844 [debug]: Started rendering model akash_dbt.customers
10:59:58.094851 [info ]: Started model akash_dbt.stg_customers
10:59:58.094859 [debug]: Started rendering model akash_dbt.stg_customers
10:59:58.094867 [info ]: Started seed akash_dbt.raw_customers
10:59:58.094872 [debug]: Started rendering seed akash_dbt.raw_customers
10:59:58.094880 [info ]: Started model akash_dbt.orders
10:59:58.094884 [debug]: Started rendering model akash_dbt.orders
10:59:58.094891 [info ]: Started model akash_dbt.order_items
10:59:58.094896 [debug]: Started rendering model akash_dbt.order_items
10:59:58.094903 [info ]: Started model akash_dbt.stg_supplies
10:59:58.094907 [debug]: Started rendering model akash_dbt.stg_supplies
10:59:58.094914 [info ]: Started seed akash_dbt.raw_supplies
10:59:58.094918 [debug]: Started rendering seed akash_dbt.raw_supplies
10:59:58.094926 [info ]: Started model akash_dbt.stg_products
10:59:58.094931 [debug]: Started rendering model akash_dbt.stg_products
10:59:58.094937 [info ]: Started seed akash_dbt.raw_products
10:59:58.094942 [debug]: Started rendering seed akash_dbt.raw_products
10:59:58.094951 [info ]: Started model akash_dbt.stg_orders
10:59:58.094955 [debug]: Started rendering model akash_dbt.stg_orders
10:59:58.094969 [info ]: Started seed akash_dbt.raw_orders
10:59:58.094977 [debug]: Started rendering seed akash_dbt.raw_orders
10:59:58.094985 [info ]: Started model akash_dbt.stg_order_items
10:59:58.095000 [debug]: Started rendering model akash_dbt.stg_order_items
10:59:58.095020 [info ]: Started seed akash_dbt.raw_items
10:59:58.095027 [debug]: Started rendering seed akash_dbt.raw_items
10:59:58.095045 [debug]: Finished rendering [  0.00s] seed akash_dbt.raw_stores [success]
10:59:58.095055 [info ]:  Succeeded [-------] seed  akash_dbt.raw_stores (table)
10:59:58.095069 [debug]: Finished rendering [  0.00s] seed akash_dbt.raw_customers [success]
10:59:58.095076 [info ]:  Succeeded [-------] seed  akash_dbt.raw_customers (table)
10:59:58.095085 [debug]: Finished rendering [  0.00s] seed akash_dbt.raw_supplies [success]
10:59:58.095151 [info ]:  Succeeded [-------] seed  akash_dbt.raw_supplies (table)
10:59:58.095167 [debug]: Finished rendering [  0.00s] seed akash_dbt.raw_products [success]
10:59:58.095172 [info ]:  Succeeded [-------] seed  akash_dbt.raw_products (table)
10:59:58.095181 [debug]: Finished rendering [  0.00s] seed akash_dbt.raw_orders [success]
10:59:58.095186 [info ]:  Succeeded [-------] seed  akash_dbt.raw_orders (table)
10:59:58.095197 [debug]: Finished rendering [  0.00s] seed akash_dbt.raw_items [success]
10:59:58.095206 [info ]:  Succeeded [-------] seed  akash_dbt.raw_items (table)
10:59:58.096228 [debug]: Compiled SQL for node model.jaffle_shop.products at target/.lsp/compiled/jaffle_shop/models/marts/products.sql
10:59:58.096235 [debug]: Compiled SQL for node model.jaffle_shop.order_items at target/.lsp/compiled/jaffle_shop/models/marts/order_items.sql
10:59:58.096245 [debug]: Compiled SQL for node model.jaffle_shop.stg_customers at target/.lsp/compiled/jaffle_shop/models/staging/stg_customers.sql
10:59:58.096281 [debug]: Compiled SQL for node model.jaffle_shop.stg_order_items at target/.lsp/compiled/jaffle_shop/models/staging/stg_order_items.sql
10:59:58.096289 [debug]: Compiled SQL for node model.jaffle_shop.stg_locations at target/.lsp/compiled/jaffle_shop/models/staging/stg_locations.sql
10:59:58.096300 [debug]: Compiled SQL for node model.jaffle_shop.stg_orders at target/.lsp/compiled/jaffle_shop/models/staging/stg_orders.sql
10:59:58.096302 [debug]: Compiled SQL for node model.jaffle_shop.customers at target/.lsp/compiled/jaffle_shop/models/marts/customers.sql
10:59:58.096321 [debug]: Compiled SQL for node model.jaffle_shop.stg_products at target/.lsp/compiled/jaffle_shop/models/staging/stg_products.sql
10:59:58.096342 [debug]: Compiled SQL for node model.jaffle_shop.locations at target/.lsp/compiled/jaffle_shop/models/marts/locations.sql
10:59:58.096346 [debug]: Compiled SQL for node model.jaffle_shop.stg_supplies at target/.lsp/compiled/jaffle_shop/models/staging/stg_supplies.sql
10:59:58.096357 [debug]: Finished rendering [  0.00s] model akash_dbt.products [success]
10:59:58.096370 [debug]: Compiled SQL for node model.jaffle_shop.orders at target/.lsp/compiled/jaffle_shop/models/marts/orders.sql
10:59:58.096398 [info ]: Started analyzing (12 nodes)
10:59:58.096401 [debug]: Compiled SQL for node model.jaffle_shop.supplies at target/.lsp/compiled/jaffle_shop/models/marts/supplies.sql
10:59:58.096406 [debug]: Started analyzing model akash_dbt.products
10:59:58.096419 [debug]: Started analyzing model akash_dbt.stg_order_items
10:59:58.096427 [debug]: Started analyzing model akash_dbt.stg_locations
10:59:58.096434 [debug]: Finished rendering [  0.00s] model akash_dbt.stg_customers [success]
10:59:58.096465 [debug]: Finished rendering [  0.00s] model akash_dbt.stg_order_items [success]
10:59:58.096514 [debug]: Started analyzing model akash_dbt.stg_customers
10:59:58.096573 [debug]: Finished rendering [  0.00s] model akash_dbt.stg_products [success]
10:59:58.096586 [debug]: Started analyzing model akash_dbt.stg_products
10:59:58.096590 [debug]: Finished rendering [  0.00s] model akash_dbt.stg_locations [success]
10:59:58.096602 [debug]: Finished rendering [  0.00s] model akash_dbt.stg_orders [success]
10:59:58.096609 [debug]: Started analyzing model akash_dbt.stg_orders
10:59:58.096646 [debug]: Finished rendering [  0.00s] model akash_dbt.locations [success]
10:59:58.096656 [debug]: Started analyzing model akash_dbt.locations
10:59:58.096667 [debug]: Finished rendering [  0.00s] model akash_dbt.customers [success]
10:59:58.096674 [debug]: Started analyzing model akash_dbt.customers
10:59:58.096683 [debug]: Finished rendering [  0.00s] model akash_dbt.orders [success]
10:59:58.096758 [debug]: Started analyzing model akash_dbt.orders
10:59:58.096767 [debug]: Finished rendering [  0.00s] model akash_dbt.supplies [success]
10:59:58.096774 [debug]: Started analyzing model akash_dbt.supplies
10:59:58.096781 [debug]: Finished rendering [  0.00s] model akash_dbt.order_items [success]
10:59:58.096788 [debug]: Started analyzing model akash_dbt.order_items
10:59:58.096796 [debug]: Finished rendering [  0.00s] model akash_dbt.stg_supplies [success]
10:59:58.096802 [info ]: Finished rendering [  0.00s] (18 nodes, 0 skipped, 0 errors)
10:59:58.096807 [debug]: Started analyzing model akash_dbt.stg_supplies
10:59:58.098816 [debug]: Finished analyzing [  0.00s] model akash_dbt.locations [success]
10:59:58.098848 [info ]:  Succeeded [  0.00s] model akash_dbt.locations (table)
10:59:58.098937 [debug]: Finished analyzing [  0.00s] model akash_dbt.products [success]
10:59:58.098948 [info ]:  Succeeded [  0.00s] model akash_dbt.products (table)
10:59:58.098959 [debug]: Finished analyzing [  0.00s] model akash_dbt.stg_customers [success]
10:59:58.098971 [info ]:  Succeeded [  0.00s] model akash_dbt.stg_customers (view)
10:59:58.098990 [debug]: Finished analyzing [  0.00s] model akash_dbt.stg_order_items [success]
10:59:58.099015 [info ]:  Succeeded [  0.00s] model akash_dbt.stg_order_items (view)
10:59:58.099119 [debug]: Finished analyzing [  0.00s] model akash_dbt.stg_locations [success]
10:59:58.099140 [info ]:  Succeeded [  0.00s] model akash_dbt.stg_locations (view)
10:59:58.099204 [debug]: Finished analyzing [  0.00s] model akash_dbt.supplies [success]
10:59:58.099224 [info ]:  Succeeded [  0.00s] model akash_dbt.supplies (table)
10:59:58.099336 [debug]: Finished analyzing [  0.00s] model akash_dbt.customers [success]
10:59:58.099346 [info ]:  Succeeded [  0.00s] model akash_dbt.customers (table)
10:59:58.099358 [debug]: Finished analyzing [  0.00s] model akash_dbt.stg_products [success]
10:59:58.099363 [info ]:  Succeeded [  0.00s] model akash_dbt.stg_products (view)
10:59:58.099374 [debug]: Finished analyzing [  0.00s] model akash_dbt.stg_supplies [success]
10:59:58.099379 [info ]:  Succeeded [  0.00s] model akash_dbt.stg_supplies (view)
10:59:58.099405 [debug]: Finished analyzing [  0.00s] model akash_dbt.stg_orders [success]
10:59:58.099411 [info ]:  Succeeded [  0.00s] model akash_dbt.stg_orders (view)
10:59:58.099420 [debug]: Finished analyzing [  0.00s] model akash_dbt.orders [success]
10:59:58.099426 [info ]:  Succeeded [  0.00s] model akash_dbt.orders (table)
10:59:58.099464 [debug]: Finished analyzing [  0.00s] model akash_dbt.order_items [success]
10:59:58.099473 [info ]: Finished analyzing [  0.00s] (12 nodes, 0 skipped, 0 errors)
10:59:58.099478 [info ]:  Succeeded [  0.00s] model akash_dbt.order_items (table)
10:59:58.105368 [info ]: Started scheduling
10:59:58.105421 [info ]: Finished scheduling [  0.00s]
10:59:58.106030 [info ]: Cached model count updated: 12 models (accurate)
10:59:58.360811 [debug]: License check failed: Feature not licensed: 'lineage'
10:59:58.808807 [info ]: Started loading project
10:59:58.809227 [info ]: Loading ~/.dbt/profiles.yml
10:59:58.849727 [info ]: Finished loading project [  0.04s]
10:59:58.850058 [info ]: Cached model count updated: 12 models (accurate)
10:59:58.874354 [debug]: License check failed: Feature not licensed: 'lineage'
10:59:59.103482 [debug]: License check failed: Feature not licensed: 'lineage'
11:00:00.066098 [info ]: Started loading project
11:00:00.066948 [info ]: Loading ~/.dbt/profiles.yml
11:00:00.121402 [info ]: Cached model count updated: 12 models (estimate)
11:00:00.121431 [info ]: Cached model count updated: 12 models (accurate)
11:00:00.121478 [info ]: Started scheduling
11:00:00.121676 [info ]: Finished scheduling [  0.00s]
11:00:00.121692 [debug]: Compilation - 18 nodes selected: {"model.jaffle_shop.customers", "model.jaffle_shop.locations", "model.jaffle_shop.order_items", "model.jaffle_shop.orders", "model.jaffle_shop.products", "model.jaffle_shop.stg_customers", "model.jaffle_shop.stg_locations", "model.jaffle_shop.stg_order_items", "model.jaffle_shop.stg_orders", "model.jaffle_shop.stg_products", "model.jaffle_shop.stg_supplies", "model.jaffle_shop.supplies", "seed.jaffle_shop.raw_customers", "seed.jaffle_shop.raw_items", "seed.jaffle_shop.raw_orders", "seed.jaffle_shop.raw_products", "seed.jaffle_shop.raw_stores", "seed.jaffle_shop.raw_supplies"}
11:00:00.122613 [debug]: License check failed: Feature not licensed: 'lineage'
11:00:00.167568 [info ]: Started building task graph
11:00:00.167683 [info ]: Finished building task graph [  0.00s]
11:00:00.167833 [info ]: Finished loading project [  0.10s]
11:00:00.171475 [info ]: Started rendering (18 nodes)
11:00:00.171503 [info ]: Started model akash_dbt.supplies
11:00:00.171515 [debug]: Started rendering model akash_dbt.supplies
11:00:00.171531 [info ]: Started model akash_dbt.products
11:00:00.171536 [debug]: Started rendering model akash_dbt.products
11:00:00.171544 [info ]: Started model akash_dbt.locations
11:00:00.171550 [debug]: Started rendering model akash_dbt.locations
11:00:00.171569 [info ]: Started model akash_dbt.stg_locations
11:00:00.171576 [debug]: Started rendering model akash_dbt.stg_locations
11:00:00.171599 [info ]: Started seed akash_dbt.raw_stores
11:00:00.171604 [debug]: Started rendering seed akash_dbt.raw_stores
11:00:00.171612 [info ]: Started model akash_dbt.customers
11:00:00.171617 [debug]: Started rendering model akash_dbt.customers
11:00:00.171625 [info ]: Started model akash_dbt.stg_customers
11:00:00.171630 [debug]: Started rendering model akash_dbt.stg_customers
11:00:00.171637 [info ]: Started seed akash_dbt.raw_customers
11:00:00.171642 [debug]: Started rendering seed akash_dbt.raw_customers
11:00:00.171665 [info ]: Started model akash_dbt.orders
11:00:00.171674 [debug]: Started rendering model akash_dbt.orders
11:00:00.171684 [info ]: Started model akash_dbt.order_items
11:00:00.171703 [debug]: Started rendering model akash_dbt.order_items
11:00:00.171711 [info ]: Started model akash_dbt.stg_supplies
11:00:00.171716 [debug]: Started rendering model akash_dbt.stg_supplies
11:00:00.171736 [info ]: Started seed akash_dbt.raw_supplies
11:00:00.171744 [debug]: Started rendering seed akash_dbt.raw_supplies
11:00:00.171755 [info ]: Started model akash_dbt.stg_products
11:00:00.171762 [debug]: Started rendering model akash_dbt.stg_products
11:00:00.171771 [info ]: Started seed akash_dbt.raw_products
11:00:00.171786 [debug]: Started rendering seed akash_dbt.raw_products
11:00:00.171795 [info ]: Started model akash_dbt.stg_orders
11:00:00.171800 [debug]: Started rendering model akash_dbt.stg_orders
11:00:00.171808 [info ]: Started seed akash_dbt.raw_orders
11:00:00.171813 [debug]: Started rendering seed akash_dbt.raw_orders
11:00:00.171821 [info ]: Started model akash_dbt.stg_order_items
11:00:00.171826 [debug]: Started rendering model akash_dbt.stg_order_items
11:00:00.171953 [debug]: Compiled SQL for node model.jaffle_shop.stg_locations at target/.lsp/compiled/jaffle_shop/models/staging/stg_locations.sql
11:00:00.171963 [info ]: Started seed akash_dbt.raw_items
11:00:00.171973 [debug]: Started rendering seed akash_dbt.raw_items
11:00:00.171990 [debug]: Finished rendering [  0.00s] seed akash_dbt.raw_stores [success]
11:00:00.172000 [info ]:  Succeeded [-------] seed  akash_dbt.raw_stores (table)
11:00:00.172012 [debug]: Finished rendering [  0.00s] seed akash_dbt.raw_supplies [success]
11:00:00.172018 [info ]:  Succeeded [-------] seed  akash_dbt.raw_supplies (table)
11:00:00.172025 [debug]: Finished rendering [  0.00s] seed akash_dbt.raw_customers [success]
11:00:00.172030 [info ]:  Succeeded [-------] seed  akash_dbt.raw_customers (table)
11:00:00.172038 [debug]: Finished rendering [  0.00s] seed akash_dbt.raw_products [success]
11:00:00.172043 [info ]:  Succeeded [-------] seed  akash_dbt.raw_products (table)
11:00:00.172050 [debug]: Finished rendering [  0.00s] seed akash_dbt.raw_orders [success]
11:00:00.172055 [info ]:  Succeeded [-------] seed  akash_dbt.raw_orders (table)
11:00:00.172081 [debug]: Finished rendering [  0.00s] model akash_dbt.stg_locations [success]
11:00:00.172091 [info ]: Started analyzing (12 nodes)
11:00:00.172095 [debug]: Started analyzing model akash_dbt.stg_locations
11:00:00.172111 [debug]: Finished rendering [  0.00s] seed akash_dbt.raw_items [success]
11:00:00.172117 [info ]:  Succeeded [-------] seed  akash_dbt.raw_items (table)
11:00:00.172197 [debug]: Compiled SQL for node model.jaffle_shop.products at target/.lsp/compiled/jaffle_shop/models/marts/products.sql
11:00:00.171912 [debug]: Compiled SQL for node model.jaffle_shop.supplies at target/.lsp/compiled/jaffle_shop/models/marts/supplies.sql
11:00:00.172328 [debug]: Compiled SQL for node model.jaffle_shop.customers at target/.lsp/compiled/jaffle_shop/models/marts/customers.sql
11:00:00.172383 [debug]: Compiled SQL for node model.jaffle_shop.stg_customers at target/.lsp/compiled/jaffle_shop/models/staging/stg_customers.sql
11:00:00.172403 [debug]: Finished analyzing [  0.00s] model akash_dbt.stg_locations [success]
11:00:00.172488 [debug]: Compiled SQL for node model.jaffle_shop.order_items at target/.lsp/compiled/jaffle_shop/models/marts/order_items.sql
11:00:00.172540 [info ]:  Succeeded [-------] model akash_dbt.stg_locations (view)
11:00:00.172575 [debug]: Finished rendering [  0.00s] model akash_dbt.products [success]
11:00:00.172585 [debug]: Started analyzing model akash_dbt.products
11:00:00.172592 [debug]: Finished rendering [  0.00s] model akash_dbt.supplies [success]
11:00:00.172599 [debug]: Started analyzing model akash_dbt.supplies
11:00:00.172604 [debug]: Finished rendering [  0.00s] model akash_dbt.customers [success]
11:00:00.172610 [debug]: Started analyzing model akash_dbt.customers
11:00:00.172649 [debug]: Compiled SQL for node model.jaffle_shop.stg_supplies at target/.lsp/compiled/jaffle_shop/models/staging/stg_supplies.sql
11:00:00.172697 [debug]: Finished analyzing [  0.00s] model akash_dbt.products [success]
11:00:00.172704 [info ]:  Succeeded [  0.00s] model akash_dbt.products (table)
11:00:00.172713 [debug]: Finished rendering [  0.00s] model akash_dbt.stg_customers [success]
11:00:00.172719 [debug]: Started analyzing model akash_dbt.stg_customers
11:00:00.172726 [debug]: Finished rendering [  0.00s] model akash_dbt.order_items [success]
11:00:00.172735 [debug]: Started analyzing model akash_dbt.order_items
11:00:00.172738 [debug]: Compiled SQL for node model.jaffle_shop.orders at target/.lsp/compiled/jaffle_shop/models/marts/orders.sql
11:00:00.172741 [debug]: Finished rendering [  0.00s] model akash_dbt.stg_supplies [success]
11:00:00.172747 [debug]: Started analyzing model akash_dbt.stg_supplies
11:00:00.172806 [debug]: Finished rendering [  0.00s] model akash_dbt.orders [success]
11:00:00.172815 [debug]: Started analyzing model akash_dbt.orders
11:00:00.172902 [debug]: Finished analyzing [  0.00s] model akash_dbt.stg_customers [success]
11:00:00.172909 [info ]:  Succeeded [  0.00s] model akash_dbt.stg_customers (view)
11:00:00.173074 [debug]: Compiled SQL for node model.jaffle_shop.stg_products at target/.lsp/compiled/jaffle_shop/models/staging/stg_products.sql
11:00:00.173427 [debug]: Finished rendering [  0.00s] model akash_dbt.stg_products [success]
11:00:00.173439 [debug]: Started analyzing model akash_dbt.stg_products
11:00:00.173501 [debug]: Compiled SQL for node model.jaffle_shop.stg_orders at target/.lsp/compiled/jaffle_shop/models/staging/stg_orders.sql
11:00:00.173578 [debug]: Finished analyzing [  0.00s] model akash_dbt.customers [success]
11:00:00.173584 [info ]:  Succeeded [-------] model akash_dbt.customers (table)
11:00:00.173606 [debug]: Finished analyzing [  0.00s] model akash_dbt.order_items [success]
11:00:00.173617 [info ]:  Succeeded [  0.00s] model akash_dbt.order_items (table)
11:00:00.173627 [debug]: Finished rendering [  0.00s] model akash_dbt.stg_orders [success]
11:00:00.173634 [debug]: Started analyzing model akash_dbt.stg_orders
11:00:00.173773 [debug]: Finished analyzing [  0.00s] model akash_dbt.stg_supplies [success]
11:00:00.173779 [info ]:  Succeeded [  0.00s] model akash_dbt.stg_supplies (view)
11:00:00.173834 [debug]: Finished analyzing [  0.00s] model akash_dbt.supplies [success]
11:00:00.173842 [info ]:  Succeeded [  0.00s] model akash_dbt.supplies (table)
11:00:00.173881 [debug]: Finished analyzing [  0.00s] model akash_dbt.stg_orders [success]
11:00:00.173891 [debug]: Compiled SQL for node model.jaffle_shop.locations at target/.lsp/compiled/jaffle_shop/models/marts/locations.sql
11:00:00.173901 [info ]:  Succeeded [  0.00s] model akash_dbt.stg_orders (view)
11:00:00.173922 [debug]: Finished rendering [  0.00s] model akash_dbt.locations [success]
11:00:00.173934 [debug]: Started analyzing model akash_dbt.locations
11:00:00.174070 [debug]: Finished analyzing [  0.00s] model akash_dbt.stg_products [success]
11:00:00.174098 [info ]:  Succeeded [  0.00s] model akash_dbt.stg_products (view)
11:00:00.174146 [debug]: Finished analyzing [  0.00s] model akash_dbt.locations [success]
11:00:00.174153 [info ]:  Succeeded [  0.00s] model akash_dbt.locations (table)
11:00:00.174459 [debug]: Finished analyzing [  0.00s] model akash_dbt.orders [success]
11:00:00.174467 [info ]:  Succeeded [  0.00s] model akash_dbt.orders (table)
11:00:00.174548 [debug]: Compiled SQL for node model.jaffle_shop.stg_order_items at target/.lsp/compiled/jaffle_shop/models/staging/stg_order_items.sql
11:00:00.174582 [debug]: Finished rendering [  0.00s] model akash_dbt.stg_order_items [success]
11:00:00.174589 [info ]: Finished rendering [  0.00s] (18 nodes, 0 skipped, 0 errors)
11:00:00.174595 [debug]: Started analyzing model akash_dbt.stg_order_items
11:00:00.174663 [debug]: Finished analyzing [  0.00s] model akash_dbt.stg_order_items [success]
11:00:00.174669 [info ]: Finished analyzing [  0.00s] (12 nodes, 0 skipped, 0 errors)
11:00:00.174673 [info ]:  Succeeded [  0.00s] model akash_dbt.stg_order_items (view)
11:00:00.180164 [info ]: Started scheduling
11:00:00.180240 [info ]: Finished scheduling [  0.00s]
11:00:00.180972 [info ]: Cached model count updated: 12 models (accurate)
11:00:00.433798 [debug]: License check failed: Feature not licensed: 'lineage'
11:01:01.014313 [debug]: License check failed: Feature not licensed: 'lineage'
11:01:10.992741 [debug]: License check failed: Feature not licensed: 'lineage'
11:01:17.792123 [debug]: License check failed: Feature not licensed: 'lineage'
11:01:41.572231 [info ]: Started loading project
11:01:41.572957 [info ]: Loading ~/.dbt/profiles.yml
11:01:41.588756 [info ]: Started parsing
11:01:41.650970 [info ]: Finished loading project [  0.08s]
11:01:41.668494 [debug]: Finished parsing models/staging/stg_order_items.yml [  0.00s]
11:01:41.678332 [debug]: Finished parsing models/staging/stg_order_items.sql [  0.01s]
11:01:41.685396 [info ]: Finished parsing [  0.10s]
11:01:41.688430 [info ]: Cached model count updated: 12 models (estimate)
11:01:41.688443 [info ]: Cached model count updated: 12 models (accurate)
11:01:41.688490 [info ]: Started scheduling
11:01:41.688845 [info ]: Finished scheduling [  0.00s]
11:01:41.688853 [debug]: Compilation - 2 nodes selected: {"model.jaffle_shop.stg_order_items", "seed.jaffle_shop.raw_items"}
11:01:41.689430 [debug]: License check failed: Feature not licensed: 'lineage'
11:01:41.720660 [info ]: Started building task graph
11:01:41.720706 [info ]: Finished building task graph [  0.00s]
11:01:41.722855 [info ]: Started rendering (2 nodes)
11:01:41.722869 [info ]: Started model akash_dbt.stg_order_items
11:01:41.722884 [debug]: Started rendering model akash_dbt.stg_order_items
11:01:41.722899 [info ]: Started seed akash_dbt.raw_items
11:01:41.722906 [debug]: Started rendering seed akash_dbt.raw_items
11:01:41.722942 [debug]: Finished rendering [  0.00s] seed akash_dbt.raw_items [success]
11:01:41.722960 [info ]:  Succeeded [-------] seed  akash_dbt.raw_items (table)
11:01:41.723473 [debug]: Compiled SQL for node model.jaffle_shop.stg_order_items at target/.lsp/compiled/jaffle_shop/models/staging/stg_order_items.sql
11:01:41.723527 [debug]: Finished rendering [  0.00s] model akash_dbt.stg_order_items [success]
11:01:41.723535 [info ]: Finished rendering [  0.00s] (2 nodes, 0 skipped, 0 errors)
11:01:41.723550 [info ]: Started analyzing (1 nodes)
11:01:41.723555 [debug]: Started analyzing model akash_dbt.stg_order_items
11:01:41.723893 [debug]: Finished analyzing [  0.00s] model akash_dbt.stg_order_items [success]
11:01:41.723903 [info ]: Finished analyzing [  0.00s] (1 nodes, 0 skipped, 0 errors)
11:01:41.723906 [info ]:  Succeeded [-------] model akash_dbt.stg_order_items (view)
11:01:41.729576 [info ]: Started scheduling
11:01:41.729700 [info ]: Finished scheduling [  0.00s]
11:01:41.730843 [info ]: Cached model count updated: 12 models (accurate)
11:01:41.984750 [debug]: License check failed: Feature not licensed: 'lineage'
11:01:42.916111 [info ]: Started loading project
11:01:42.916662 [info ]: Loading ~/.dbt/profiles.yml
11:01:42.943637 [info ]: Cached model count updated: 12 models (estimate)
11:01:42.943661 [info ]: Cached model count updated: 12 models (accurate)
11:01:42.943702 [info ]: Started scheduling
11:01:42.943831 [info ]: Finished scheduling [  0.00s]
11:01:42.943842 [debug]: Compilation - 5 nodes selected: {"model.jaffle_shop.customers", "model.jaffle_shop.order_items", "model.jaffle_shop.orders", "model.jaffle_shop.stg_order_items", "seed.jaffle_shop.raw_items"}
11:01:42.944514 [debug]: License check failed: Feature not licensed: 'lineage'
11:01:42.975489 [info ]: Started building task graph
11:01:42.975537 [info ]: Finished building task graph [  0.00s]
11:01:42.975565 [info ]: Finished loading project [  0.06s]
11:01:42.977070 [info ]: Started rendering (5 nodes)
11:01:42.977082 [info ]: Started model akash_dbt.customers
11:01:42.977090 [debug]: Started rendering model akash_dbt.customers
11:01:42.977101 [info ]: Started model akash_dbt.orders
11:01:42.977107 [debug]: Started rendering model akash_dbt.orders
11:01:42.977114 [info ]: Started model akash_dbt.order_items
11:01:42.977121 [debug]: Started rendering model akash_dbt.order_items
11:01:42.977128 [info ]: Started model akash_dbt.stg_order_items
11:01:42.977133 [debug]: Started rendering model akash_dbt.stg_order_items
11:01:42.977143 [info ]: Started seed akash_dbt.raw_items
11:01:42.977148 [debug]: Started rendering seed akash_dbt.raw_items
11:01:42.977175 [debug]: Finished rendering [  0.00s] seed akash_dbt.raw_items [success]
11:01:42.977187 [info ]:  Succeeded [-------] seed  akash_dbt.raw_items (table)
11:01:42.977315 [debug]: Compiled SQL for node model.jaffle_shop.stg_order_items at target/.lsp/compiled/jaffle_shop/models/staging/stg_order_items.sql
11:01:42.977385 [debug]: Finished rendering [  0.00s] model akash_dbt.stg_order_items [success]
11:01:42.977398 [info ]: Started analyzing (4 nodes)
11:01:42.977403 [debug]: Started analyzing model akash_dbt.stg_order_items
11:01:42.977554 [debug]: Finished analyzing [  0.00s] model akash_dbt.stg_order_items [success]
11:01:42.977563 [info ]:  Succeeded [-------] model akash_dbt.stg_order_items (view)
11:01:42.977932 [debug]: Compiled SQL for node model.jaffle_shop.customers at target/.lsp/compiled/jaffle_shop/models/marts/customers.sql
11:01:42.977940 [debug]: Compiled SQL for node model.jaffle_shop.order_items at target/.lsp/compiled/jaffle_shop/models/marts/order_items.sql
11:01:42.977982 [debug]: Started analyzing model akash_dbt.customers
11:01:42.978002 [debug]: Finished rendering [  0.00s] model akash_dbt.customers [success]
11:01:42.978055 [debug]: Finished rendering [  0.00s] model akash_dbt.order_items [success]
11:01:42.978076 [debug]: Compiled SQL for node model.jaffle_shop.orders at target/.lsp/compiled/jaffle_shop/models/marts/orders.sql
11:01:42.978100 [debug]: Started analyzing model akash_dbt.order_items
11:01:42.978171 [debug]: Finished rendering [  0.00s] model akash_dbt.orders [success]
11:01:42.978180 [info ]: Finished rendering [  0.00s] (5 nodes, 0 skipped, 0 errors)
11:01:42.978186 [debug]: Started analyzing model akash_dbt.orders
11:01:42.978694 [debug]: Finished analyzing [  0.00s] model akash_dbt.customers [success]
11:01:42.978703 [info ]:  Succeeded [-------] model akash_dbt.customers (table)
11:01:42.978799 [debug]: Finished analyzing [  0.00s] model akash_dbt.orders [success]
11:01:42.978806 [info ]:  Succeeded [  0.00s] model akash_dbt.orders (table)
11:01:42.978818 [debug]: Finished analyzing [  0.00s] model akash_dbt.order_items [success]
11:01:42.978824 [info ]: Finished analyzing [  0.00s] (4 nodes, 0 skipped, 0 errors)
11:01:42.978829 [info ]:  Succeeded [-------] model akash_dbt.order_items (table)
11:01:42.984289 [info ]: Started scheduling
11:01:42.984344 [info ]: Finished scheduling [  0.00s]
11:01:42.985107 [info ]: Cached model count updated: 12 models (accurate)
11:01:43.239124 [debug]: License check failed: Feature not licensed: 'lineage'
11:01:44.167212 [info ]: Started loading project
11:01:44.167464 [info ]: Loading ~/.dbt/profiles.yml
11:01:44.195911 [info ]: Cached model count updated: 12 models (estimate)
11:01:44.195931 [info ]: Cached model count updated: 12 models (accurate)
11:01:44.195966 [info ]: Started scheduling
11:01:44.196113 [info ]: Finished scheduling [  0.00s]
11:01:44.196124 [debug]: Compilation - 18 nodes selected: {"model.jaffle_shop.customers", "model.jaffle_shop.locations", "model.jaffle_shop.order_items", "model.jaffle_shop.orders", "model.jaffle_shop.products", "model.jaffle_shop.stg_customers", "model.jaffle_shop.stg_locations", "model.jaffle_shop.stg_order_items", "model.jaffle_shop.stg_orders", "model.jaffle_shop.stg_products", "model.jaffle_shop.stg_supplies", "model.jaffle_shop.supplies", "seed.jaffle_shop.raw_customers", "seed.jaffle_shop.raw_items", "seed.jaffle_shop.raw_orders", "seed.jaffle_shop.raw_products", "seed.jaffle_shop.raw_stores", "seed.jaffle_shop.raw_supplies"}
11:01:44.196788 [debug]: License check failed: Feature not licensed: 'lineage'
11:01:44.227786 [info ]: Started building task graph
11:01:44.227882 [info ]: Finished building task graph [  0.00s]
11:01:44.227984 [info ]: Finished loading project [  0.06s]
11:01:44.231670 [info ]: Started rendering (18 nodes)
11:01:44.231689 [info ]: Started model akash_dbt.supplies
11:01:44.231699 [debug]: Started rendering model akash_dbt.supplies
11:01:44.231713 [info ]: Started model akash_dbt.products
11:01:44.231721 [debug]: Started rendering model akash_dbt.products
11:01:44.231731 [info ]: Started model akash_dbt.locations
11:01:44.231738 [debug]: Started rendering model akash_dbt.locations
11:01:44.231747 [info ]: Started model akash_dbt.stg_locations
11:01:44.231754 [debug]: Started rendering model akash_dbt.stg_locations
11:01:44.231765 [info ]: Started seed akash_dbt.raw_stores
11:01:44.231771 [debug]: Started rendering seed akash_dbt.raw_stores
11:01:44.231780 [info ]: Started model akash_dbt.customers
11:01:44.231786 [debug]: Started rendering model akash_dbt.customers
11:01:44.231798 [info ]: Started model akash_dbt.stg_customers
11:01:44.231805 [debug]: Started rendering model akash_dbt.stg_customers
11:01:44.231816 [info ]: Started seed akash_dbt.raw_customers
11:01:44.231825 [debug]: Started rendering seed akash_dbt.raw_customers
11:01:44.231858 [info ]: Started model akash_dbt.orders
11:01:44.231889 [debug]: Started rendering model akash_dbt.orders
11:01:44.231950 [debug]: Compiled SQL for node model.jaffle_shop.customers at target/.lsp/compiled/jaffle_shop/models/marts/customers.sql
11:01:44.231948 [info ]: Started model akash_dbt.order_items
11:01:44.231973 [debug]: Started rendering model akash_dbt.order_items
11:01:44.232007 [info ]: Started model akash_dbt.stg_supplies
11:01:44.232017 [debug]: Started rendering model akash_dbt.stg_supplies
11:01:44.232026 [info ]: Started seed akash_dbt.raw_supplies
11:01:44.232032 [debug]: Started rendering seed akash_dbt.raw_supplies
11:01:44.232041 [info ]: Started model akash_dbt.stg_products
11:01:44.232052 [debug]: Started rendering model akash_dbt.stg_products
11:01:44.232062 [info ]: Started seed akash_dbt.raw_products
11:01:44.232068 [debug]: Started rendering seed akash_dbt.raw_products
11:01:44.232077 [info ]: Started model akash_dbt.stg_orders
11:01:44.232085 [debug]: Started rendering model akash_dbt.stg_orders
11:01:44.232084 [debug]: Compiled SQL for node model.jaffle_shop.orders at target/.lsp/compiled/jaffle_shop/models/marts/orders.sql
11:01:44.232097 [info ]: Started seed akash_dbt.raw_orders
11:01:44.232104 [debug]: Started rendering seed akash_dbt.raw_orders
11:01:44.232122 [info ]: Started model akash_dbt.stg_order_items
11:01:44.232129 [debug]: Started rendering model akash_dbt.stg_order_items
11:01:44.232128 [debug]: Compiled SQL for node model.jaffle_shop.order_items at target/.lsp/compiled/jaffle_shop/models/marts/order_items.sql
11:01:44.232141 [info ]: Started seed akash_dbt.raw_items
11:01:44.232148 [debug]: Started rendering seed akash_dbt.raw_items
11:01:44.232170 [debug]: Finished rendering [  0.00s] seed akash_dbt.raw_stores [success]
11:01:44.232182 [info ]:  Succeeded [-------] seed  akash_dbt.raw_stores (table)
11:01:44.232199 [debug]: Finished rendering [  0.00s] seed akash_dbt.raw_customers [success]
11:01:44.232208 [info ]:  Succeeded [-------] seed  akash_dbt.raw_customers (table)
11:01:44.232217 [debug]: Finished rendering [  0.00s] model akash_dbt.customers [success]
11:01:44.232239 [info ]: Started analyzing (12 nodes)
11:01:44.232247 [debug]: Started analyzing model akash_dbt.customers
11:01:44.232264 [debug]: Finished rendering [  0.00s] model akash_dbt.orders [success]
11:01:44.232279 [debug]: Started analyzing model akash_dbt.orders
11:01:44.232286 [debug]: Compiled SQL for node model.jaffle_shop.stg_order_items at target/.lsp/compiled/jaffle_shop/models/staging/stg_order_items.sql
11:01:44.232290 [debug]: Finished rendering [  0.00s] seed akash_dbt.raw_supplies [success]
11:01:44.232300 [info ]:  Succeeded [-------] seed  akash_dbt.raw_supplies (table)
11:01:44.232312 [debug]: Finished rendering [  0.00s] seed akash_dbt.raw_products [success]
11:01:44.232318 [info ]:  Succeeded [-------] seed  akash_dbt.raw_products (table)
11:01:44.232328 [debug]: Finished rendering [  0.00s] model akash_dbt.order_items [success]
11:01:44.232387 [debug]: Started analyzing model akash_dbt.order_items
11:01:44.232439 [debug]: Finished rendering [  0.00s] seed akash_dbt.raw_orders [success]
11:01:44.232465 [info ]:  Succeeded [-------] seed  akash_dbt.raw_orders (table)
11:01:44.232505 [debug]: Finished rendering [  0.00s] seed akash_dbt.raw_items [success]
11:01:44.232530 [debug]: Compiled SQL for node model.jaffle_shop.stg_locations at target/.lsp/compiled/jaffle_shop/models/staging/stg_locations.sql
11:01:44.232587 [debug]: Compiled SQL for node model.jaffle_shop.products at target/.lsp/compiled/jaffle_shop/models/marts/products.sql
11:01:44.232550 [info ]:  Succeeded [-------] seed  akash_dbt.raw_items (table)
11:01:44.232604 [debug]: Finished rendering [  0.00s] model akash_dbt.stg_order_items [success]
11:01:44.232612 [debug]: Started analyzing model akash_dbt.stg_order_items
11:01:44.232725 [debug]: Finished rendering [  0.00s] model akash_dbt.stg_locations [success]
11:01:44.232783 [debug]: Compiled SQL for node model.jaffle_shop.supplies at target/.lsp/compiled/jaffle_shop/models/marts/supplies.sql
11:01:44.232791 [debug]: Compiled SQL for node model.jaffle_shop.stg_customers at target/.lsp/compiled/jaffle_shop/models/staging/stg_customers.sql
11:01:44.232786 [debug]: Started analyzing model akash_dbt.stg_locations
11:01:44.232925 [debug]: Compiled SQL for node model.jaffle_shop.stg_products at target/.lsp/compiled/jaffle_shop/models/staging/stg_products.sql
11:01:44.232945 [debug]: Compiled SQL for node model.jaffle_shop.locations at target/.lsp/compiled/jaffle_shop/models/marts/locations.sql
11:01:44.232977 [debug]: Finished rendering [  0.00s] model akash_dbt.products [success]
11:01:44.233018 [debug]: Started analyzing model akash_dbt.products
11:01:44.233042 [debug]: Finished analyzing [  0.00s] model akash_dbt.stg_locations [success]
11:01:44.233030 [debug]: Compiled SQL for node model.jaffle_shop.stg_supplies at target/.lsp/compiled/jaffle_shop/models/staging/stg_supplies.sql
11:01:44.233061 [info ]:  Succeeded [-------] model akash_dbt.stg_locations (view)
11:01:44.233074 [debug]: Started analyzing model akash_dbt.supplies
11:01:44.233078 [debug]: Finished rendering [  0.00s] model akash_dbt.supplies [success]
11:01:44.233082 [debug]: Finished rendering [  0.00s] model akash_dbt.stg_customers [success]
11:01:44.233092 [debug]: Started analyzing model akash_dbt.stg_customers
11:01:44.233100 [debug]: Finished rendering [  0.00s] model akash_dbt.stg_products [success]
11:01:44.233106 [debug]: Started analyzing model akash_dbt.stg_products
11:01:44.233113 [debug]: Finished rendering [  0.00s] model akash_dbt.locations [success]
11:01:44.233119 [debug]: Started analyzing model akash_dbt.locations
11:01:44.233126 [debug]: Finished analyzing [  0.00s] model akash_dbt.stg_order_items [success]
11:01:44.233137 [info ]:  Succeeded [-------] model akash_dbt.stg_order_items (view)
11:01:44.233148 [debug]: Finished rendering [  0.00s] model akash_dbt.stg_supplies [success]
11:01:44.233158 [debug]: Started analyzing model akash_dbt.stg_supplies
11:01:44.233166 [debug]: Finished analyzing [  0.00s] model akash_dbt.products [success]
11:01:44.233172 [info ]:  Succeeded [  0.00s] model akash_dbt.products (table)
11:01:44.233183 [debug]: Finished analyzing [  0.00s] model akash_dbt.supplies [success]
11:01:44.233188 [info ]:  Succeeded [  0.00s] model akash_dbt.supplies (table)
11:01:44.233225 [debug]: Finished analyzing [  0.00s] model akash_dbt.stg_customers [success]
11:01:44.233237 [info ]:  Succeeded [  0.00s] model akash_dbt.stg_customers (view)
11:01:44.233304 [debug]: Finished analyzing [  0.00s] model akash_dbt.locations [success]
11:01:44.233314 [info ]:  Succeeded [  0.00s] model akash_dbt.locations (table)
11:01:44.233370 [debug]: Compiled SQL for node model.jaffle_shop.stg_orders at target/.lsp/compiled/jaffle_shop/models/staging/stg_orders.sql
11:01:44.233390 [debug]: Finished analyzing [  0.00s] model akash_dbt.customers [success]
11:01:44.233397 [info ]:  Succeeded [  0.00s] model akash_dbt.customers (table)
11:01:44.233410 [debug]: Finished analyzing [  0.00s] model akash_dbt.stg_products [success]
11:01:44.233418 [info ]:  Succeeded [  0.00s] model akash_dbt.stg_products (view)
11:01:44.233426 [debug]: Finished rendering [  0.00s] model akash_dbt.stg_orders [success]
11:01:44.233431 [info ]: Finished rendering [  0.00s] (18 nodes, 0 skipped, 0 errors)
11:01:44.233438 [debug]: Started analyzing model akash_dbt.stg_orders
11:01:44.233510 [debug]: Finished analyzing [  0.00s] model akash_dbt.stg_supplies [success]
11:01:44.233519 [info ]:  Succeeded [  0.00s] model akash_dbt.stg_supplies (view)
11:01:44.233547 [debug]: Finished analyzing [  0.00s] model akash_dbt.stg_orders [success]
11:01:44.233553 [info ]:  Succeeded [  0.00s] model akash_dbt.stg_orders (view)
11:01:44.233581 [debug]: Finished analyzing [  0.00s] model akash_dbt.orders [success]
11:01:44.233590 [info ]:  Succeeded [  0.00s] model akash_dbt.orders (table)
11:01:44.233749 [debug]: Finished analyzing [  0.00s] model akash_dbt.order_items [success]
11:01:44.233757 [info ]: Finished analyzing [  0.00s] (12 nodes, 0 skipped, 0 errors)
11:01:44.233762 [info ]:  Succeeded [  0.00s] model akash_dbt.order_items (table)
11:01:44.239645 [info ]: Started scheduling
11:01:44.239702 [info ]: Finished scheduling [  0.00s]
11:01:44.240269 [info ]: Cached model count updated: 12 models (accurate)
11:01:44.504796 [debug]: License check failed: Feature not licensed: 'lineage'
11:02:38.788504 [info ]: Loading ~/.dbt/profiles.yml
11:02:38.798365 [info ]: Started loading project
11:02:38.798651 [info ]: Loading ~/.dbt/profiles.yml
11:02:38.803760 [info ]: Started loading project
11:02:38.803960 [info ]: Loading ~/.dbt/profiles.yml
11:02:38.803973 [info ]: Finished loading project [  0.01s]
11:02:38.977200 [info ]:    Started resolving packages from packages.yml
11:02:39.077597 [info ]:     Failed [  0.10s] resolving packages from packages.yml (error: Operation cancelled)
11:02:39.078024 [info ]: Finished loading project [  0.27s]
11:02:39.082031 [info ]: Waiting for lease on 'target' directory
11:02:39.140413 [info ]: Loading ~/.dbt/profiles.yml
11:02:39.389587 [info ]: Loading ~/.dbt/profiles.yml
11:02:39.394505 [info ]: Waiting for lease on 'target' directory
11:02:39.908480 [info ]: Started loading project
11:02:39.908716 [info ]: Loading ~/.dbt/profiles.yml
11:02:40.074553 [info ]:    Started resolving packages from packages.yml
11:02:40.145819 [info ]:   Finished [  0.07s] resolving packages from packages.yml (1 items)
11:02:40.146535 [debug]:    Started loading packages
11:02:40.149890 [debug]:     Loaded [  0.00s] packages
11:02:40.150518 [info ]: Finished loading project [  0.24s]
11:02:40.150750 [info ]: Started parsing
11:02:40.190361 [debug]: Finished parsing models/marts/customers.yml [  0.00s]
11:02:40.191461 [debug]: Finished parsing models/marts/order_items.yml [  0.00s]
11:02:40.191711 [debug]: Finished parsing models/marts/orders.yml [  0.00s]
11:02:40.192783 [debug]: Finished parsing models/staging/__sources.yml [  0.00s]
11:02:40.192844 [debug]: Finished parsing models/staging/stg_customers.yml [  0.00s]
11:02:40.192968 [debug]: Finished parsing models/staging/stg_locations.yml [  0.00s]
11:02:40.193045 [debug]: Finished parsing models/staging/stg_order_items.yml [  0.00s]
11:02:40.193116 [debug]: Finished parsing models/staging/stg_orders.yml [  0.00s]
11:02:40.193173 [debug]: Finished parsing models/staging/stg_products.yml [  0.00s]
11:02:40.193227 [debug]: Finished parsing models/staging/stg_supplies.yml [  0.00s]
11:02:40.198365 [debug]: Finished parsing models/marts/customers.sql [  0.00s]
11:02:40.198665 [debug]: Finished parsing models/marts/locations.sql [  0.00s]
11:02:40.199017 [debug]: Finished parsing models/marts/order_items.sql [  0.00s]
11:02:40.199358 [debug]: Finished parsing models/marts/orders.sql [  0.00s]
11:02:40.199527 [debug]: Finished parsing models/marts/products.sql [  0.00s]
11:02:40.199750 [debug]: Finished parsing models/marts/supplies.sql [  0.00s]
11:02:40.199972 [debug]: Finished parsing models/staging/stg_customers.sql [  0.00s]
11:02:40.200206 [debug]: Finished parsing models/staging/stg_locations.sql [  0.00s]
11:02:40.200410 [debug]: Finished parsing models/staging/stg_order_items.sql [  0.00s]
11:02:40.201148 [debug]: Finished parsing models/staging/stg_orders.sql [  0.00s]
11:02:40.201397 [debug]: Finished parsing models/staging/stg_products.sql [  0.00s]
11:02:40.202830 [debug]: Finished parsing models/staging/stg_supplies.sql [  0.00s]
11:02:40.210326 [info ]: Finished parsing [  0.06s]
11:02:40.210518 [info ]: Cached model count updated: 12 models (estimate)
11:02:40.210526 [info ]: Cached model count updated: 12 models (accurate)
11:02:40.210566 [info ]: Started scheduling
11:02:40.210625 [info ]: Finished scheduling [  0.00s]
11:02:40.210631 [debug]: Compilation - 0 nodes selected: {}
11:02:40.210793 [warn ]: [NoNodesForSelectionCriteria (dbt1092)]: The selection criterion '' does not match any enabled nodes
11:02:40.211060 [warn ]: [NoNodesSelected (dbt1601)]: Nothing to do. Try checking your model configs and model specification args
11:02:40.211069 [info ]: Started scheduling
11:02:40.211194 [info ]: Finished scheduling [  0.00s]
11:02:40.212114 [debug]: License check failed: Feature not licensed: 'lineage'
11:02:40.240978 [info ]: Started building task graph
11:02:40.241006 [info ]: Finished building task graph [  0.00s]
11:02:40.246407 [info ]: Started scheduling
11:02:40.246462 [info ]: Finished scheduling [  0.00s]
11:02:40.246876 [info ]: Cached model count updated: 12 models (accurate)
11:02:41.429337 [info ]: Started loading project
11:02:41.429606 [info ]: Loading ~/.dbt/profiles.yml
11:02:41.455457 [info ]: Cached model count updated: 12 models (estimate)
11:02:41.455480 [info ]: Cached model count updated: 12 models (accurate)
11:02:41.455515 [info ]: Started scheduling
11:02:41.455668 [info ]: Finished scheduling [  0.00s]
11:02:41.455681 [debug]: Compilation - 18 nodes selected: {"model.jaffle_shop.customers", "model.jaffle_shop.locations", "model.jaffle_shop.order_items", "model.jaffle_shop.orders", "model.jaffle_shop.products", "model.jaffle_shop.stg_customers", "model.jaffle_shop.stg_locations", "model.jaffle_shop.stg_order_items", "model.jaffle_shop.stg_orders", "model.jaffle_shop.stg_products", "model.jaffle_shop.stg_supplies", "model.jaffle_shop.supplies", "seed.jaffle_shop.raw_customers", "seed.jaffle_shop.raw_items", "seed.jaffle_shop.raw_orders", "seed.jaffle_shop.raw_products", "seed.jaffle_shop.raw_stores", "seed.jaffle_shop.raw_supplies"}
11:02:41.456328 [debug]: License check failed: Feature not licensed: 'lineage'
11:02:41.537192 [info ]: Started building task graph
11:02:41.537321 [info ]: Finished building task graph [  0.00s]
11:02:41.537430 [info ]: Finished loading project [  0.11s]
11:02:41.540356 [info ]: Started rendering (18 nodes)
11:02:41.540375 [info ]: Started model akash_dbt.supplies
11:02:41.540386 [debug]: Started rendering model akash_dbt.supplies
11:02:41.540403 [info ]: Started model akash_dbt.products
11:02:41.540411 [debug]: Started rendering model akash_dbt.products
11:02:41.540425 [info ]: Started model akash_dbt.locations
11:02:41.540430 [debug]: Started rendering model akash_dbt.locations
11:02:41.540439 [info ]: Started model akash_dbt.stg_locations
11:02:41.540445 [debug]: Started rendering model akash_dbt.stg_locations
11:02:41.540455 [info ]: Started seed akash_dbt_raw.raw_stores
11:02:41.540460 [debug]: Started rendering seed akash_dbt_raw.raw_stores
11:02:41.540470 [info ]: Started model akash_dbt.customers
11:02:41.540475 [debug]: Started rendering model akash_dbt.customers
11:02:41.540484 [info ]: Started model akash_dbt.stg_customers
11:02:41.540489 [debug]: Started rendering model akash_dbt.stg_customers
11:02:41.540498 [info ]: Started seed akash_dbt_raw.raw_customers
11:02:41.540506 [debug]: Started rendering seed akash_dbt_raw.raw_customers
11:02:41.540516 [info ]: Started model akash_dbt.orders
11:02:41.540520 [debug]: Started rendering model akash_dbt.orders
11:02:41.540528 [info ]: Started model akash_dbt.order_items
11:02:41.540533 [debug]: Started rendering model akash_dbt.order_items
11:02:41.540544 [info ]: Started model akash_dbt.stg_supplies
11:02:41.540554 [debug]: Started rendering model akash_dbt.stg_supplies
11:02:41.540562 [info ]: Started seed akash_dbt_raw.raw_supplies
11:02:41.540569 [debug]: Started rendering seed akash_dbt_raw.raw_supplies
11:02:41.540579 [info ]: Started model akash_dbt.stg_products
11:02:41.540584 [debug]: Started rendering model akash_dbt.stg_products
11:02:41.540594 [info ]: Started seed akash_dbt_raw.raw_products
11:02:41.540599 [debug]: Started rendering seed akash_dbt_raw.raw_products
11:02:41.540607 [info ]: Started model akash_dbt.stg_orders
11:02:41.540653 [debug]: Started rendering model akash_dbt.stg_orders
11:02:41.540703 [info ]: Started seed akash_dbt_raw.raw_orders
11:02:41.540742 [debug]: Started rendering seed akash_dbt_raw.raw_orders
11:02:41.540765 [info ]: Started model akash_dbt.stg_order_items
11:02:41.540787 [debug]: Started rendering model akash_dbt.stg_order_items
11:02:41.540801 [info ]: Started seed akash_dbt_raw.raw_items
11:02:41.540807 [debug]: Started rendering seed akash_dbt_raw.raw_items
11:02:41.540825 [debug]: Finished rendering [  0.00s] seed akash_dbt_raw.raw_stores [success]
11:02:41.540836 [info ]:  Succeeded [-------] seed  akash_dbt_raw.raw_stores (table)
11:02:41.540850 [debug]: Finished rendering [  0.00s] seed akash_dbt_raw.raw_customers [success]
11:02:41.540857 [info ]:  Succeeded [-------] seed  akash_dbt_raw.raw_customers (table)
11:02:41.540866 [debug]: Finished rendering [  0.00s] seed akash_dbt_raw.raw_supplies [success]
11:02:41.540872 [info ]:  Succeeded [-------] seed  akash_dbt_raw.raw_supplies (table)
11:02:41.540933 [debug]: Finished rendering [  0.00s] seed akash_dbt_raw.raw_products [success]
11:02:41.540959 [info ]:  Succeeded [-------] seed  akash_dbt_raw.raw_products (table)
11:02:41.541055 [debug]: Finished rendering [  0.00s] seed akash_dbt_raw.raw_orders [success]
11:02:41.541078 [info ]:  Succeeded [-------] seed  akash_dbt_raw.raw_orders (table)
11:02:41.541119 [debug]: Finished rendering [  0.00s] seed akash_dbt_raw.raw_items [success]
11:02:41.541196 [info ]:  Succeeded [-------] seed  akash_dbt_raw.raw_items (table)
11:02:41.541358 [debug]: Compiled SQL for node model.jaffle_shop.stg_locations at target/.lsp/compiled/jaffle_shop/models/staging/stg_locations.sql
11:02:41.541440 [debug]: Compiled SQL for node model.jaffle_shop.products at target/.lsp/compiled/jaffle_shop/models/marts/products.sql
11:02:41.541467 [debug]: Compiled SQL for node model.jaffle_shop.locations at target/.lsp/compiled/jaffle_shop/models/marts/locations.sql
11:02:41.541664 [debug]: Compiled SQL for node model.jaffle_shop.stg_customers at target/.lsp/compiled/jaffle_shop/models/staging/stg_customers.sql
11:02:41.541890 [debug]: Finished rendering [  0.00s] model akash_dbt.locations [success]
11:02:41.541957 [info ]: Started analyzing (12 nodes)
11:02:41.541963 [debug]: Compiled SQL for node model.jaffle_shop.supplies at target/.lsp/compiled/jaffle_shop/models/marts/supplies.sql
11:02:41.542010 [debug]: Started analyzing model akash_dbt.locations
11:02:41.542014 [debug]: Compiled SQL for node model.jaffle_shop.customers at target/.lsp/compiled/jaffle_shop/models/marts/customers.sql
11:02:41.542033 [debug]: Finished rendering [  0.00s] model akash_dbt.stg_customers [success]
11:02:41.542057 [debug]: Started analyzing model akash_dbt.stg_customers
11:02:41.542067 [debug]: Finished rendering [  0.00s] model akash_dbt.stg_locations [success]
11:02:41.542077 [debug]: Started analyzing model akash_dbt.stg_locations
11:02:41.542085 [debug]: Finished rendering [  0.00s] model akash_dbt.products [success]
11:02:41.542093 [debug]: Started analyzing model akash_dbt.products
11:02:41.542132 [debug]: Finished rendering [  0.00s] model akash_dbt.customers [success]
11:02:41.542147 [debug]: Started analyzing model akash_dbt.customers
11:02:41.542450 [debug]: Finished rendering [  0.00s] model akash_dbt.supplies [success]
11:02:41.542488 [debug]: Started analyzing model akash_dbt.supplies
11:02:41.542560 [debug]: Compiled SQL for node model.jaffle_shop.orders at target/.lsp/compiled/jaffle_shop/models/marts/orders.sql
11:02:41.542563 [debug]: Finished analyzing [  0.00s] model akash_dbt.products [success]
11:02:41.542564 [debug]: Compiled SQL for node model.jaffle_shop.order_items at target/.lsp/compiled/jaffle_shop/models/marts/order_items.sql
11:02:41.542578 [info ]:  Succeeded [  0.00s] model akash_dbt.products (table)
11:02:41.542804 [debug]: Finished analyzing [  0.00s] model akash_dbt.locations [success]
11:02:41.542818 [info ]:  Succeeded [  0.00s] model akash_dbt.locations (table)
11:02:41.542831 [debug]: Finished rendering [  0.00s] model akash_dbt.order_items [success]
11:02:41.542826 [debug]: Compiled SQL for node model.jaffle_shop.stg_order_items at target/.lsp/compiled/jaffle_shop/models/staging/stg_order_items.sql
11:02:41.542841 [debug]: Started analyzing model akash_dbt.order_items
11:02:41.542853 [debug]: Finished rendering [  0.00s] model akash_dbt.orders [success]
11:02:41.542860 [debug]: Started analyzing model akash_dbt.orders
11:02:41.542867 [debug]: Finished analyzing [  0.00s] model akash_dbt.stg_customers [success]
11:02:41.542873 [info ]:  Succeeded [  0.00s] model akash_dbt.stg_customers (view)
11:02:41.542882 [debug]: Finished analyzing [  0.00s] model akash_dbt.supplies [success]
11:02:41.542890 [info ]:  Succeeded [  0.00s] model akash_dbt.supplies (table)
11:02:41.542898 [debug]: Finished analyzing [  0.00s] model akash_dbt.stg_locations [success]
11:02:41.542934 [info ]:  Succeeded [  0.00s] model akash_dbt.stg_locations (view)
11:02:41.543015 [debug]: Finished rendering [  0.00s] model akash_dbt.stg_order_items [success]
11:02:41.543029 [debug]: Started analyzing model akash_dbt.stg_order_items
11:02:41.543163 [debug]: Finished analyzing [  0.00s] model akash_dbt.stg_order_items [success]
11:02:41.543171 [info ]:  Succeeded [  0.00s] model akash_dbt.stg_order_items (view)
11:02:41.543887 [debug]: Finished analyzing [  0.00s] model akash_dbt.orders [success]
11:02:41.543896 [info ]:  Succeeded [  0.00s] model akash_dbt.orders (table)
11:02:41.543907 [debug]: Finished analyzing [  0.00s] model akash_dbt.customers [success]
11:02:41.543940 [info ]:  Succeeded [  0.00s] model akash_dbt.customers (table)
11:02:41.543955 [debug]: Finished analyzing [  0.00s] model akash_dbt.order_items [success]
11:02:41.543961 [info ]:  Succeeded [  0.00s] model akash_dbt.order_items (table)
11:02:41.555294 [debug]: Compiled SQL for node model.jaffle_shop.stg_products at target/.lsp/compiled/jaffle_shop/models/staging/stg_products.sql
11:02:41.555404 [debug]: Finished rendering [  0.01s] model akash_dbt.stg_products [success]
11:02:41.555424 [debug]: Started analyzing model akash_dbt.stg_products
11:02:41.555724 [debug]: Finished analyzing [  0.00s] model akash_dbt.stg_products [success]
11:02:41.555734 [info ]:  Succeeded [  0.01s] model akash_dbt.stg_products (view)
11:02:41.555795 [debug]: Compiled SQL for node model.jaffle_shop.stg_orders at target/.lsp/compiled/jaffle_shop/models/staging/stg_orders.sql
11:02:41.555892 [debug]: Finished rendering [  0.02s] model akash_dbt.stg_orders [success]
11:02:41.555903 [debug]: Started analyzing model akash_dbt.stg_orders
11:02:41.556018 [debug]: Finished analyzing [  0.00s] model akash_dbt.stg_orders [success]
11:02:41.556027 [info ]:  Succeeded [  0.01s] model akash_dbt.stg_orders (view)
11:02:41.556452 [debug]: Compiled SQL for node model.jaffle_shop.stg_supplies at target/.lsp/compiled/jaffle_shop/models/staging/stg_supplies.sql
11:02:41.556723 [debug]: Finished rendering [  0.02s] model akash_dbt.stg_supplies [success]
11:02:41.556733 [info ]: Finished rendering [  0.02s] (18 nodes, 0 skipped, 0 errors)
11:02:41.556741 [debug]: Started analyzing model akash_dbt.stg_supplies
11:02:41.557558 [debug]: Finished analyzing [  0.00s] model akash_dbt.stg_supplies [success]
11:02:41.557584 [info ]: Finished analyzing [  0.02s] (12 nodes, 0 skipped, 0 errors)
11:02:41.557590 [info ]:  Succeeded [  0.02s] model akash_dbt.stg_supplies (view)
11:02:41.563482 [info ]: Started scheduling
11:02:41.563539 [info ]: Finished scheduling [  0.00s]
11:02:41.564099 [info ]: Cached model count updated: 12 models (accurate)
11:26:50.201929 [info ]: Loading ~/.dbt/profiles.yml
11:26:50.241850 [info ]: Started loading project
11:26:50.247392 [info ]: Loading ~/.dbt/profiles.yml
11:26:50.267024 [info ]: Started loading project
11:26:50.267234 [info ]: Loading ~/.dbt/profiles.yml
11:26:50.267245 [info ]: Finished loading project [  0.03s]
11:26:50.439649 [info ]:    Started resolving packages from packages.yml
11:26:50.688304 [info ]:     Failed [  0.25s] resolving packages from packages.yml (error: Operation cancelled)
11:26:50.689154 [info ]: Finished loading project [  0.42s]
11:26:50.712008 [info ]: Waiting for lease on 'target' directory
11:26:50.814762 [info ]: Loading ~/.dbt/profiles.yml
11:26:50.824288 [info ]: Started loading project
11:26:50.824701 [info ]: Loading ~/.dbt/profiles.yml
11:26:50.968312 [info ]:    Started resolving packages from packages.yml
11:26:51.235280 [info ]:   Finished [  0.27s] resolving packages from packages.yml (1 items)
11:26:51.236241 [debug]:    Started loading packages
11:26:51.239683 [debug]:     Loaded [  0.00s] packages
11:26:51.241513 [info ]: Finished loading project [  0.42s]
11:26:51.243259 [info ]: Started parsing
11:26:51.318250 [debug]: Finished parsing models/marts/customers.yml [  0.00s]
11:26:51.318978 [debug]: Finished parsing models/marts/order_items.yml [  0.00s]
11:26:51.319303 [debug]: Finished parsing models/marts/orders.yml [  0.00s]
11:26:51.320094 [debug]: Finished parsing models/staging/__sources.yml [  0.00s]
11:26:51.320180 [debug]: Finished parsing models/staging/stg_customers.yml [  0.00s]
11:26:51.320327 [debug]: Finished parsing models/staging/stg_locations.yml [  0.00s]
11:26:51.320433 [debug]: Finished parsing models/staging/stg_order_items.yml [  0.00s]
11:26:51.320525 [debug]: Finished parsing models/staging/stg_orders.yml [  0.00s]
11:26:51.320606 [debug]: Finished parsing models/staging/stg_products.yml [  0.00s]
11:26:51.320687 [debug]: Finished parsing models/staging/stg_supplies.yml [  0.00s]
11:26:51.337459 [debug]: Finished parsing models/marts/customers.sql [  0.00s]
11:26:51.338048 [debug]: Finished parsing models/marts/locations.sql [  0.00s]
11:26:51.338451 [debug]: Finished parsing models/marts/order_items.sql [  0.00s]
11:26:51.338661 [debug]: Finished parsing models/marts/orders.sql [  0.00s]
11:26:51.338865 [debug]: Finished parsing models/marts/products.sql [  0.00s]
11:26:51.339056 [debug]: Finished parsing models/marts/supplies.sql [  0.00s]
11:26:51.339248 [debug]: Finished parsing models/staging/stg_customers.sql [  0.00s]
11:26:51.339454 [debug]: Finished parsing models/staging/stg_locations.sql [  0.00s]
11:26:51.340039 [debug]: Finished parsing models/staging/stg_order_items.sql [  0.00s]
11:26:51.340946 [debug]: Finished parsing models/staging/stg_orders.sql [  0.00s]
11:26:51.341170 [debug]: Finished parsing models/staging/stg_products.sql [  0.00s]
11:26:51.342808 [debug]: Finished parsing models/staging/stg_supplies.sql [  0.00s]
11:26:51.354218 [info ]: Finished parsing [  0.11s]
11:26:51.356098 [info ]: Cached model count updated: 12 models (estimate)
11:26:51.356108 [info ]: Cached model count updated: 12 models (accurate)
11:26:51.357011 [info ]: Started scheduling
11:26:51.358909 [info ]: Finished scheduling [  0.00s]
11:26:51.358919 [debug]: Compilation - 0 nodes selected: {}
11:26:51.359308 [warn ]: [NoNodesForSelectionCriteria (dbt1092)]: The selection criterion '' does not match any enabled nodes
11:26:51.359631 [warn ]: [NoNodesSelected (dbt1601)]: Nothing to do. Try checking your model configs and model specification args
11:26:51.359652 [info ]: Started scheduling
11:26:51.360746 [info ]: Finished scheduling [  0.00s]
11:26:51.369073 [debug]: License check failed: Feature not licensed: 'lineage'
11:26:51.406069 [info ]: Started building task graph
11:26:51.406670 [info ]: Finished building task graph [  0.00s]
11:26:51.432660 [info ]: Started scheduling
11:26:51.432715 [info ]: Finished scheduling [  0.00s]
11:26:51.433285 [info ]: Cached model count updated: 12 models (accurate)
11:26:52.622288 [info ]: Started loading project
11:26:52.622493 [info ]: Loading ~/.dbt/profiles.yml
11:26:52.652863 [info ]: Cached model count updated: 12 models (estimate)
11:26:52.652887 [info ]: Cached model count updated: 12 models (accurate)
11:26:52.652924 [info ]: Started scheduling
11:26:52.653062 [info ]: Finished scheduling [  0.00s]
11:26:52.653074 [debug]: Compilation - 18 nodes selected: {"model.jaffle_shop.customers", "model.jaffle_shop.locations", "model.jaffle_shop.order_items", "model.jaffle_shop.orders", "model.jaffle_shop.products", "model.jaffle_shop.stg_customers", "model.jaffle_shop.stg_locations", "model.jaffle_shop.stg_order_items", "model.jaffle_shop.stg_orders", "model.jaffle_shop.stg_products", "model.jaffle_shop.stg_supplies", "model.jaffle_shop.supplies", "seed.jaffle_shop.raw_customers", "seed.jaffle_shop.raw_items", "seed.jaffle_shop.raw_orders", "seed.jaffle_shop.raw_products", "seed.jaffle_shop.raw_stores", "seed.jaffle_shop.raw_supplies"}
11:26:52.654130 [debug]: License check failed: Feature not licensed: 'lineage'
11:26:52.683994 [info ]: Started building task graph
11:26:52.685645 [info ]: Finished building task graph [  0.00s]
11:26:52.685750 [info ]: Finished loading project [  0.06s]
11:26:52.700764 [info ]: Started rendering (18 nodes)
11:26:52.700892 [info ]: Started model akash_dbt.supplies
11:26:52.700911 [debug]: Started rendering model akash_dbt.supplies
11:26:52.701046 [info ]: Started model akash_dbt.products
11:26:52.701053 [debug]: Started rendering model akash_dbt.products
11:26:52.701060 [info ]: Started model akash_dbt.locations
11:26:52.701065 [debug]: Started rendering model akash_dbt.locations
11:26:52.701074 [info ]: Started model akash_dbt.stg_locations
11:26:52.701085 [debug]: Started rendering model akash_dbt.stg_locations
11:26:52.701096 [info ]: Started seed akash_dbt_raw.raw_stores
11:26:52.701102 [debug]: Started rendering seed akash_dbt_raw.raw_stores
11:26:52.701110 [info ]: Started model akash_dbt.customers
11:26:52.701117 [debug]: Started rendering model akash_dbt.customers
11:26:52.701125 [info ]: Started model akash_dbt.stg_customers
11:26:52.701132 [debug]: Started rendering model akash_dbt.stg_customers
11:26:52.701139 [info ]: Started seed akash_dbt_raw.raw_customers
11:26:52.701145 [debug]: Started rendering seed akash_dbt_raw.raw_customers
11:26:52.701153 [info ]: Started model akash_dbt.orders
11:26:52.701159 [debug]: Started rendering model akash_dbt.orders
11:26:52.701169 [info ]: Started model akash_dbt.order_items
11:26:52.701215 [debug]: Started rendering model akash_dbt.order_items
11:26:52.701224 [info ]: Started model akash_dbt.stg_supplies
11:26:52.701229 [debug]: Started rendering model akash_dbt.stg_supplies
11:26:52.701237 [info ]: Started seed akash_dbt_raw.raw_supplies
11:26:52.701243 [debug]: Started rendering seed akash_dbt_raw.raw_supplies
11:26:52.701251 [info ]: Started model akash_dbt.stg_products
11:26:52.701257 [debug]: Started rendering model akash_dbt.stg_products
11:26:52.701266 [info ]: Started seed akash_dbt_raw.raw_products
11:26:52.701272 [debug]: Started rendering seed akash_dbt_raw.raw_products
11:26:52.701279 [info ]: Started model akash_dbt.stg_orders
11:26:52.701285 [debug]: Started rendering model akash_dbt.stg_orders
11:26:52.701294 [info ]: Started seed akash_dbt_raw.raw_orders
11:26:52.701300 [debug]: Started rendering seed akash_dbt_raw.raw_orders
11:26:52.701346 [info ]: Started model akash_dbt.stg_order_items
11:26:52.701353 [debug]: Started rendering model akash_dbt.stg_order_items
11:26:52.701361 [info ]: Started seed akash_dbt_raw.raw_items
11:26:52.701366 [debug]: Started rendering seed akash_dbt_raw.raw_items
11:26:52.702758 [debug]: Finished rendering [  0.00s] seed akash_dbt_raw.raw_customers [success]
11:26:52.702783 [info ]:  Succeeded [  0.00s] seed  akash_dbt_raw.raw_customers (table)
11:26:52.702890 [debug]: Finished rendering [  0.00s] seed akash_dbt_raw.raw_stores [success]
11:26:52.702929 [info ]:  Succeeded [  0.00s] seed  akash_dbt_raw.raw_stores (table)
11:26:52.702945 [debug]: Finished rendering [  0.00s] seed akash_dbt_raw.raw_products [success]
11:26:52.702954 [info ]:  Succeeded [  0.00s] seed  akash_dbt_raw.raw_products (table)
11:26:52.702965 [debug]: Finished rendering [  0.00s] seed akash_dbt_raw.raw_items [success]
11:26:52.702974 [info ]:  Succeeded [  0.00s] seed  akash_dbt_raw.raw_items (table)
11:26:52.702983 [debug]: Finished rendering [  0.00s] seed akash_dbt_raw.raw_supplies [success]
11:26:52.702989 [info ]:  Succeeded [  0.00s] seed  akash_dbt_raw.raw_supplies (table)
11:26:52.702999 [debug]: Finished rendering [  0.00s] seed akash_dbt_raw.raw_orders [success]
11:26:52.703005 [info ]:  Succeeded [  0.00s] seed  akash_dbt_raw.raw_orders (table)
11:26:52.706027 [debug]: Compiled SQL for node model.jaffle_shop.stg_locations at target/.lsp/compiled/jaffle_shop/models/staging/stg_locations.sql
11:26:52.705976 [debug]: Compiled SQL for node model.jaffle_shop.orders at target/.lsp/compiled/jaffle_shop/models/marts/orders.sql
11:26:52.706059 [debug]: Compiled SQL for node model.jaffle_shop.order_items at target/.lsp/compiled/jaffle_shop/models/marts/order_items.sql
11:26:52.706062 [debug]: Compiled SQL for node model.jaffle_shop.stg_customers at target/.lsp/compiled/jaffle_shop/models/staging/stg_customers.sql
11:26:52.705994 [debug]: Compiled SQL for node model.jaffle_shop.products at target/.lsp/compiled/jaffle_shop/models/marts/products.sql
11:26:52.705986 [debug]: Compiled SQL for node model.jaffle_shop.locations at target/.lsp/compiled/jaffle_shop/models/marts/locations.sql
11:26:52.706007 [debug]: Compiled SQL for node model.jaffle_shop.stg_order_items at target/.lsp/compiled/jaffle_shop/models/staging/stg_order_items.sql
11:26:52.706088 [debug]: Compiled SQL for node model.jaffle_shop.supplies at target/.lsp/compiled/jaffle_shop/models/marts/supplies.sql
11:26:52.706018 [debug]: Compiled SQL for node model.jaffle_shop.customers at target/.lsp/compiled/jaffle_shop/models/marts/customers.sql
11:26:52.706393 [debug]: Finished rendering [  0.01s] model akash_dbt.stg_customers [success]
11:26:52.706978 [info ]: Started analyzing (12 nodes)
11:26:52.707122 [debug]: Started analyzing model akash_dbt.stg_customers
11:26:52.707384 [debug]: Finished rendering [  0.01s] model akash_dbt.stg_order_items [success]
11:26:52.707394 [debug]: Started analyzing model akash_dbt.stg_order_items
11:26:52.707424 [debug]: Finished rendering [  0.01s] model akash_dbt.stg_locations [success]
11:26:52.707441 [debug]: Started analyzing model akash_dbt.stg_locations
11:26:52.707458 [debug]: Finished rendering [  0.01s] model akash_dbt.order_items [success]
11:26:52.707466 [debug]: Started analyzing model akash_dbt.order_items
11:26:52.707538 [debug]: Finished rendering [  0.01s] model akash_dbt.orders [success]
11:26:52.707565 [debug]: Started analyzing model akash_dbt.orders
11:26:52.707579 [debug]: Finished rendering [  0.01s] model akash_dbt.locations [success]
11:26:52.707623 [debug]: Started analyzing model akash_dbt.locations
11:26:52.707642 [debug]: Finished rendering [  0.01s] model akash_dbt.supplies [success]
11:26:52.707659 [debug]: Started analyzing model akash_dbt.supplies
11:26:52.707672 [debug]: Finished rendering [  0.01s] model akash_dbt.products [success]
11:26:52.707680 [debug]: Started analyzing model akash_dbt.products
11:26:52.707689 [debug]: Finished rendering [  0.01s] model akash_dbt.customers [success]
11:26:52.707696 [debug]: Started analyzing model akash_dbt.customers
11:26:52.720639 [debug]: Compiled SQL for node model.jaffle_shop.stg_products at target/.lsp/compiled/jaffle_shop/models/staging/stg_products.sql
11:26:52.721024 [debug]: Compiled SQL for node model.jaffle_shop.stg_orders at target/.lsp/compiled/jaffle_shop/models/staging/stg_orders.sql
11:26:52.721749 [debug]: Compiled SQL for node model.jaffle_shop.stg_supplies at target/.lsp/compiled/jaffle_shop/models/staging/stg_supplies.sql
11:26:52.722574 [debug]: Finished analyzing [  0.02s] model akash_dbt.stg_locations [success]
11:26:52.722591 [info ]:  Succeeded [  0.02s] model akash_dbt.stg_locations (view)
11:26:52.722610 [debug]: Finished analyzing [  0.02s] model akash_dbt.order_items [success]
11:26:52.722618 [info ]:  Succeeded [  0.02s] model akash_dbt.order_items (table)
11:26:52.722630 [debug]: Finished analyzing [  0.01s] model akash_dbt.supplies [success]
11:26:52.722638 [info ]:  Succeeded [  0.02s] model akash_dbt.supplies (table)
11:26:52.722649 [debug]: Finished rendering [  0.02s] model akash_dbt.stg_products [success]
11:26:52.722662 [debug]: Started analyzing model akash_dbt.stg_products
11:26:52.722674 [debug]: Finished rendering [  0.02s] model akash_dbt.stg_orders [success]
11:26:52.722681 [debug]: Started analyzing model akash_dbt.stg_orders
11:26:52.722688 [debug]: Finished rendering [  0.02s] model akash_dbt.stg_supplies [success]
11:26:52.722693 [info ]: Finished rendering [  0.02s] (18 nodes, 0 skipped, 0 errors)
11:26:52.722698 [debug]: Started analyzing model akash_dbt.stg_supplies
11:26:52.722705 [debug]: Finished analyzing [  0.02s] model akash_dbt.products [success]
11:26:52.722711 [info ]:  Succeeded [  0.02s] model akash_dbt.products (table)
11:26:52.722720 [debug]: Finished analyzing [  0.02s] model akash_dbt.stg_customers [success]
11:26:52.722726 [info ]:  Succeeded [  0.02s] model akash_dbt.stg_customers (view)
11:26:52.722735 [debug]: Finished analyzing [  0.02s] model akash_dbt.orders [success]
11:26:52.722740 [info ]:  Succeeded [  0.02s] model akash_dbt.orders (table)
11:26:52.722751 [debug]: Finished analyzing [  0.02s] model akash_dbt.locations [success]
11:26:52.722756 [info ]:  Succeeded [  0.02s] model akash_dbt.locations (table)
11:26:52.722765 [debug]: Finished analyzing [  0.02s] model akash_dbt.stg_order_items [success]
11:26:52.722775 [info ]:  Succeeded [  0.02s] model akash_dbt.stg_order_items (view)
11:26:52.723034 [debug]: Finished analyzing [  0.00s] model akash_dbt.stg_products [success]
11:26:52.723044 [info ]:  Succeeded [  0.02s] model akash_dbt.stg_products (view)
11:26:52.723100 [debug]: Finished analyzing [  0.00s] model akash_dbt.stg_orders [success]
11:26:52.723109 [info ]:  Succeeded [  0.02s] model akash_dbt.stg_orders (view)
11:26:52.723144 [debug]: Finished analyzing [  0.00s] model akash_dbt.stg_supplies [success]
11:26:52.723152 [info ]:  Succeeded [  0.02s] model akash_dbt.stg_supplies (view)
11:26:52.723163 [debug]: Finished analyzing [  0.02s] model akash_dbt.customers [success]
11:26:52.723169 [info ]: Finished analyzing [  0.02s] (12 nodes, 0 skipped, 0 errors)
11:26:52.723173 [info ]:  Succeeded [  0.02s] model akash_dbt.customers (table)
11:26:52.728229 [info ]: Started scheduling
11:26:52.728292 [info ]: Finished scheduling [  0.00s]
11:26:52.728857 [info ]: Cached model count updated: 12 models (accurate)
11:32:38.554081 [debug]: License check failed: Feature not licensed: 'lineage'
11:33:05.061657 [debug]: License check failed: Feature not licensed: 'lineage'
11:33:06.036520 [debug]: License check failed: Feature not licensed: 'lineage'
11:33:41.175559 [debug]: License check failed: Feature not licensed: 'lineage'
11:34:14.249309 [debug]: License check failed: Feature not licensed: 'lineage'
11:34:18.359333 [debug]: License check failed: Feature not licensed: 'lineage'
11:36:06.293835 [debug]: License check failed: Feature not licensed: 'lineage'
11:36:13.933860 [debug]: License check failed: Feature not licensed: 'lineage'
11:36:19.915547 [debug]: License check failed: Feature not licensed: 'lineage'
11:49:50.481344 [info ]: Loading ~/.dbt/profiles.yml
11:49:50.529538 [info ]: Started loading project
11:49:50.539567 [info ]: Loading ~/.dbt/profiles.yml
11:49:50.555590 [info ]: Started loading project
11:49:50.555785 [info ]: Loading ~/.dbt/profiles.yml
11:49:50.555796 [info ]: Finished loading project [  0.03s]
11:49:50.721881 [info ]:    Started resolving packages from packages.yml
11:49:50.725549 [info ]:     Failed [  0.00s] resolving packages from packages.yml (error: Operation cancelled)
11:49:50.728418 [info ]: Finished loading project [  0.17s]
11:49:50.739645 [info ]: Waiting for lease on 'target' directory
11:49:50.791096 [info ]: Loading ~/.dbt/profiles.yml
11:49:51.047986 [info ]: Loading ~/.dbt/profiles.yml
11:49:51.057858 [info ]: Waiting for lease on 'target' directory
11:49:51.571435 [info ]: Started loading project
11:49:51.571660 [info ]: Loading ~/.dbt/profiles.yml
11:49:51.721338 [info ]:    Started resolving packages from packages.yml
11:49:51.838732 [info ]:   Finished [  0.12s] resolving packages from packages.yml (1 items)
11:49:51.840080 [debug]:    Started loading packages
11:49:51.843883 [debug]:     Loaded [  0.00s] packages
11:49:51.844731 [info ]: Finished loading project [  0.27s]
11:49:51.846616 [info ]: Started parsing
11:49:51.907500 [debug]: Finished parsing models/marts/customers.yml [  0.00s]
11:49:51.908071 [debug]: Finished parsing models/marts/order_items.yml [  0.00s]
11:49:51.908388 [debug]: Finished parsing models/marts/orders.yml [  0.00s]
11:49:51.909296 [debug]: Finished parsing models/staging/__sources.yml [  0.00s]
11:49:51.909417 [debug]: Finished parsing models/staging/stg_customers.yml [  0.00s]
11:49:51.909584 [debug]: Finished parsing models/staging/stg_locations.yml [  0.00s]
11:49:51.909701 [debug]: Finished parsing models/staging/stg_order_items.yml [  0.00s]
11:49:51.909800 [debug]: Finished parsing models/staging/stg_orders.yml [  0.00s]
11:49:51.909884 [debug]: Finished parsing models/staging/stg_products.yml [  0.00s]
11:49:51.909967 [debug]: Finished parsing models/staging/stg_supplies.yml [  0.00s]
11:49:51.925880 [debug]: Finished parsing models/marts/customers.sql [  0.00s]
11:49:51.926231 [debug]: Finished parsing models/marts/locations.sql [  0.00s]
11:49:51.926701 [debug]: Finished parsing models/marts/order_items.sql [  0.00s]
11:49:51.926930 [debug]: Finished parsing models/marts/orders.sql [  0.00s]
11:49:51.927283 [debug]: Finished parsing models/marts/products.sql [  0.00s]
11:49:51.927471 [debug]: Finished parsing models/marts/supplies.sql [  0.00s]
11:49:51.927667 [debug]: Finished parsing models/staging/stg_customers.sql [  0.00s]
11:49:51.927884 [debug]: Finished parsing models/staging/stg_locations.sql [  0.00s]
11:49:51.928143 [debug]: Finished parsing models/staging/stg_order_items.sql [  0.00s]
11:49:51.929147 [debug]: Finished parsing models/staging/stg_orders.sql [  0.00s]
11:49:51.929415 [debug]: Finished parsing models/staging/stg_products.sql [  0.00s]
11:49:51.931031 [debug]: Finished parsing models/staging/stg_supplies.sql [  0.00s]
11:49:51.942259 [info ]: Finished parsing [  0.10s]
11:49:51.944152 [info ]: Cached model count updated: 12 models (estimate)
11:49:51.944163 [info ]: Cached model count updated: 12 models (accurate)
11:49:51.945294 [info ]: Started scheduling
11:49:51.947061 [info ]: Finished scheduling [  0.00s]
11:49:51.947111 [debug]: Compilation - 0 nodes selected: {}
11:49:51.947505 [warn ]: [NoNodesForSelectionCriteria (dbt1092)]: The selection criterion '' does not match any enabled nodes
11:49:51.947788 [warn ]: [NoNodesSelected (dbt1601)]: Nothing to do. Try checking your model configs and model specification args
11:49:51.947912 [info ]: Started scheduling
11:49:51.948791 [info ]: Finished scheduling [  0.00s]
11:49:51.956512 [debug]: License check failed: Feature not licensed: 'lineage'
11:49:51.992098 [info ]: Started building task graph
11:49:51.992947 [info ]: Finished building task graph [  0.00s]
11:49:52.019063 [info ]: Started scheduling
11:49:52.019118 [info ]: Finished scheduling [  0.00s]
11:49:52.019547 [info ]: Cached model count updated: 12 models (accurate)
11:49:53.202227 [info ]: Started loading project
11:49:53.202463 [info ]: Loading ~/.dbt/profiles.yml
11:49:53.227468 [info ]: Cached model count updated: 12 models (estimate)
11:49:53.227491 [info ]: Cached model count updated: 12 models (accurate)
11:49:53.227540 [info ]: Started scheduling
11:49:53.227674 [info ]: Finished scheduling [  0.00s]
11:49:53.227688 [debug]: Compilation - 18 nodes selected: {"model.jaffle_shop.customers", "model.jaffle_shop.locations", "model.jaffle_shop.order_items", "model.jaffle_shop.orders", "model.jaffle_shop.products", "model.jaffle_shop.stg_customers", "model.jaffle_shop.stg_locations", "model.jaffle_shop.stg_order_items", "model.jaffle_shop.stg_orders", "model.jaffle_shop.stg_products", "model.jaffle_shop.stg_supplies", "model.jaffle_shop.supplies", "seed.jaffle_shop.raw_customers", "seed.jaffle_shop.raw_items", "seed.jaffle_shop.raw_orders", "seed.jaffle_shop.raw_products", "seed.jaffle_shop.raw_stores", "seed.jaffle_shop.raw_supplies"}
11:49:53.228530 [debug]: License check failed: Feature not licensed: 'lineage'
11:49:53.260174 [info ]: Started building task graph
11:49:53.262138 [info ]: Finished building task graph [  0.00s]
11:49:53.262266 [info ]: Finished loading project [  0.06s]
11:49:53.277526 [info ]: Started rendering (18 nodes)
11:49:53.277785 [info ]: Started model akash_dbt.supplies
11:49:53.277806 [debug]: Started rendering model akash_dbt.supplies
11:49:53.277976 [info ]: Started model akash_dbt.products
11:49:53.277982 [debug]: Started rendering model akash_dbt.products
11:49:53.277989 [info ]: Started model akash_dbt.locations
11:49:53.277996 [debug]: Started rendering model akash_dbt.locations
11:49:53.278006 [info ]: Started model akash_dbt.stg_locations
11:49:53.278012 [debug]: Started rendering model akash_dbt.stg_locations
11:49:53.278020 [info ]: Started seed akash_dbt_raw.raw_stores
11:49:53.278026 [debug]: Started rendering seed akash_dbt_raw.raw_stores
11:49:53.278035 [info ]: Started model akash_dbt.customers
11:49:53.278041 [debug]: Started rendering model akash_dbt.customers
11:49:53.278049 [info ]: Started model akash_dbt.stg_customers
11:49:53.278055 [debug]: Started rendering model akash_dbt.stg_customers
11:49:53.278063 [info ]: Started seed akash_dbt_raw.raw_customers
11:49:53.278069 [debug]: Started rendering seed akash_dbt_raw.raw_customers
11:49:53.278076 [info ]: Started model akash_dbt.orders
11:49:53.278082 [debug]: Started rendering model akash_dbt.orders
11:49:53.278116 [info ]: Started model akash_dbt.order_items
11:49:53.278161 [debug]: Started rendering model akash_dbt.order_items
11:49:53.278176 [info ]: Started model akash_dbt.stg_supplies
11:49:53.278183 [debug]: Started rendering model akash_dbt.stg_supplies
11:49:53.278192 [info ]: Started seed akash_dbt_raw.raw_supplies
11:49:53.278198 [debug]: Started rendering seed akash_dbt_raw.raw_supplies
11:49:53.278206 [info ]: Started model akash_dbt.stg_products
11:49:53.278212 [debug]: Started rendering model akash_dbt.stg_products
11:49:53.278222 [info ]: Started seed akash_dbt_raw.raw_products
11:49:53.278228 [debug]: Started rendering seed akash_dbt_raw.raw_products
11:49:53.278238 [info ]: Started model akash_dbt.stg_orders
11:49:53.278245 [debug]: Started rendering model akash_dbt.stg_orders
11:49:53.278275 [info ]: Started seed akash_dbt_raw.raw_orders
11:49:53.278311 [debug]: Started rendering seed akash_dbt_raw.raw_orders
11:49:53.278324 [info ]: Started model akash_dbt.stg_order_items
11:49:53.278330 [debug]: Started rendering model akash_dbt.stg_order_items
11:49:53.278339 [info ]: Started seed akash_dbt_raw.raw_items
11:49:53.278345 [debug]: Started rendering seed akash_dbt_raw.raw_items
11:49:53.279482 [debug]: Finished rendering [  0.00s] seed akash_dbt_raw.raw_stores [success]
11:49:53.279497 [info ]:  Succeeded [  0.00s] seed  akash_dbt_raw.raw_stores (table)
11:49:53.279998 [debug]: Finished rendering [  0.00s] seed akash_dbt_raw.raw_customers [success]
11:49:53.280043 [info ]:  Succeeded [  0.00s] seed  akash_dbt_raw.raw_customers (table)
11:49:53.280058 [debug]: Finished rendering [  0.00s] seed akash_dbt_raw.raw_items [success]
11:49:53.280067 [info ]:  Succeeded [  0.00s] seed  akash_dbt_raw.raw_items (table)
11:49:53.280078 [debug]: Finished rendering [  0.00s] seed akash_dbt_raw.raw_orders [success]
11:49:53.280091 [info ]:  Succeeded [  0.00s] seed  akash_dbt_raw.raw_orders (table)
11:49:53.280164 [debug]: Finished rendering [  0.00s] seed akash_dbt_raw.raw_supplies [success]
11:49:53.280171 [info ]:  Succeeded [  0.00s] seed  akash_dbt_raw.raw_supplies (table)
11:49:53.280180 [debug]: Finished rendering [  0.00s] seed akash_dbt_raw.raw_products [success]
11:49:53.280249 [info ]:  Succeeded [  0.00s] seed  akash_dbt_raw.raw_products (table)
11:49:53.282930 [debug]: Compiled SQL for node model.jaffle_shop.stg_locations at target/.lsp/compiled/jaffle_shop/models/staging/stg_locations.sql
11:49:53.282949 [debug]: Compiled SQL for node model.jaffle_shop.order_items at target/.lsp/compiled/jaffle_shop/models/marts/order_items.sql
11:49:53.282901 [debug]: Compiled SQL for node model.jaffle_shop.customers at target/.lsp/compiled/jaffle_shop/models/marts/customers.sql
11:49:53.282902 [debug]: Compiled SQL for node model.jaffle_shop.supplies at target/.lsp/compiled/jaffle_shop/models/marts/supplies.sql
11:49:53.282938 [debug]: Compiled SQL for node model.jaffle_shop.stg_order_items at target/.lsp/compiled/jaffle_shop/models/staging/stg_order_items.sql
11:49:53.282914 [debug]: Compiled SQL for node model.jaffle_shop.orders at target/.lsp/compiled/jaffle_shop/models/marts/orders.sql
11:49:53.283005 [debug]: Compiled SQL for node model.jaffle_shop.products at target/.lsp/compiled/jaffle_shop/models/marts/products.sql
11:49:53.283005 [debug]: Compiled SQL for node model.jaffle_shop.stg_customers at target/.lsp/compiled/jaffle_shop/models/staging/stg_customers.sql
11:49:53.283007 [debug]: Compiled SQL for node model.jaffle_shop.locations at target/.lsp/compiled/jaffle_shop/models/marts/locations.sql
11:49:53.283193 [debug]: Finished rendering [  0.01s] model akash_dbt.customers [success]
11:49:53.283746 [info ]: Started analyzing (12 nodes)
11:49:53.283875 [debug]: Started analyzing model akash_dbt.customers
11:49:53.284130 [debug]: Finished rendering [  0.01s] model akash_dbt.supplies [success]
11:49:53.284148 [debug]: Started analyzing model akash_dbt.supplies
11:49:53.284165 [debug]: Finished rendering [  0.01s] model akash_dbt.order_items [success]
11:49:53.284174 [debug]: Started analyzing model akash_dbt.order_items
11:49:53.284185 [debug]: Finished rendering [  0.01s] model akash_dbt.stg_customers [success]
11:49:53.284192 [debug]: Started analyzing model akash_dbt.stg_customers
11:49:53.284239 [debug]: Finished rendering [  0.01s] model akash_dbt.locations [success]
11:49:53.284249 [debug]: Started analyzing model akash_dbt.locations
11:49:53.284260 [debug]: Finished rendering [  0.01s] model akash_dbt.stg_locations [success]
11:49:53.284267 [debug]: Started analyzing model akash_dbt.stg_locations
11:49:53.284277 [debug]: Finished rendering [  0.01s] model akash_dbt.products [success]
11:49:53.284283 [debug]: Started analyzing model akash_dbt.products
11:49:53.284291 [debug]: Finished rendering [  0.01s] model akash_dbt.orders [success]
11:49:53.284298 [debug]: Started analyzing model akash_dbt.orders
11:49:53.284308 [debug]: Finished rendering [  0.01s] model akash_dbt.stg_order_items [success]
11:49:53.284404 [debug]: Started analyzing model akash_dbt.stg_order_items
11:49:53.297171 [debug]: Compiled SQL for node model.jaffle_shop.stg_products at target/.lsp/compiled/jaffle_shop/models/staging/stg_products.sql
11:49:53.297983 [debug]: Compiled SQL for node model.jaffle_shop.stg_orders at target/.lsp/compiled/jaffle_shop/models/staging/stg_orders.sql
11:49:53.298633 [debug]: Compiled SQL for node model.jaffle_shop.stg_supplies at target/.lsp/compiled/jaffle_shop/models/staging/stg_supplies.sql
11:49:53.299333 [debug]: Finished analyzing [  0.02s] model akash_dbt.products [success]
11:49:53.299349 [info ]:  Succeeded [  0.02s] model akash_dbt.products (table)
11:49:53.299362 [debug]: Finished analyzing [  0.02s] model akash_dbt.supplies [success]
11:49:53.299368 [info ]:  Succeeded [  0.02s] model akash_dbt.supplies (table)
11:49:53.299376 [debug]: Finished analyzing [  0.02s] model akash_dbt.stg_customers [success]
11:49:53.299381 [info ]:  Succeeded [  0.02s] model akash_dbt.stg_customers (view)
11:49:53.299391 [debug]: Finished rendering [  0.02s] model akash_dbt.stg_products [success]
11:49:53.299407 [debug]: Started analyzing model akash_dbt.stg_products
11:49:53.299421 [debug]: Finished rendering [  0.02s] model akash_dbt.stg_orders [success]
11:49:53.299429 [debug]: Started analyzing model akash_dbt.stg_orders
11:49:53.299437 [debug]: Finished rendering [  0.02s] model akash_dbt.stg_supplies [success]
11:49:53.299443 [info ]: Finished rendering [  0.02s] (18 nodes, 0 skipped, 0 errors)
11:49:53.299448 [debug]: Started analyzing model akash_dbt.stg_supplies
11:49:53.299454 [debug]: Finished analyzing [  0.02s] model akash_dbt.stg_locations [success]
11:49:53.299460 [info ]:  Succeeded [  0.02s] model akash_dbt.stg_locations (view)
11:49:53.299467 [debug]: Finished analyzing [  0.02s] model akash_dbt.orders [success]
11:49:53.299472 [info ]:  Succeeded [  0.02s] model akash_dbt.orders (table)
11:49:53.299479 [debug]: Finished analyzing [  0.02s] model akash_dbt.order_items [success]
11:49:53.299485 [info ]:  Succeeded [  0.02s] model akash_dbt.order_items (table)
11:49:53.299493 [debug]: Finished analyzing [  0.02s] model akash_dbt.locations [success]
11:49:53.299498 [info ]:  Succeeded [  0.02s] model akash_dbt.locations (table)
11:49:53.299507 [debug]: Finished analyzing [  0.02s] model akash_dbt.customers [success]
11:49:53.299513 [info ]:  Succeeded [  0.02s] model akash_dbt.customers (table)
11:49:53.299522 [debug]: Finished analyzing [  0.02s] model akash_dbt.stg_order_items [success]
11:49:53.299530 [info ]:  Succeeded [  0.02s] model akash_dbt.stg_order_items (view)
11:49:53.299618 [debug]: Finished analyzing [  0.00s] model akash_dbt.stg_products [success]
11:49:53.299630 [info ]:  Succeeded [  0.02s] model akash_dbt.stg_products (view)
11:49:53.299737 [debug]: Finished analyzing [  0.00s] model akash_dbt.stg_orders [success]
11:49:53.299747 [info ]:  Succeeded [  0.02s] model akash_dbt.stg_orders (view)
11:49:53.299856 [debug]: Finished analyzing [  0.00s] model akash_dbt.stg_supplies [success]
11:49:53.299863 [info ]: Finished analyzing [  0.02s] (12 nodes, 0 skipped, 0 errors)
11:49:53.299868 [info ]:  Succeeded [  0.02s] model akash_dbt.stg_supplies (view)
11:49:53.306285 [info ]: Started scheduling
11:49:53.306352 [info ]: Finished scheduling [  0.00s]
11:49:53.306948 [info ]: Cached model count updated: 12 models (accurate)
11:50:05.331178 [info ]: Loading ~/.dbt/profiles.yml
11:50:05.345763 [info ]: Started loading project
11:50:05.346159 [info ]: Loading ~/.dbt/profiles.yml
11:50:05.350004 [info ]: Started loading project
11:50:05.350216 [info ]: Loading ~/.dbt/profiles.yml
11:50:05.350228 [info ]: Finished loading project [  0.00s]
11:50:05.505846 [info ]:    Started resolving packages from packages.yml
11:50:05.578663 [info ]:   Finished [  0.07s] resolving packages from packages.yml (1 items)
11:50:05.578827 [debug]:    Started loading packages
11:50:05.580716 [debug]:     Loaded [  0.00s] packages
11:50:05.581330 [info ]: Finished loading project [  0.23s]
11:50:05.581550 [info ]: Started parsing
11:50:05.631521 [info ]: Finished parsing [  0.05s]
11:50:05.633866 [info ]: Waiting for lease on 'target' directory
11:50:05.659561 [info ]: Loading ~/.dbt/profiles.yml
11:50:05.840269 [info ]: Started loading project
11:50:05.840524 [info ]: Loading ~/.dbt/profiles.yml
11:50:05.987143 [info ]:    Started resolving packages from packages.yml
11:50:05.987221 [info ]:     Failed [  0.00s] resolving packages from packages.yml (error: Operation cancelled)
11:50:05.987328 [info ]: Finished loading project [  0.15s]
11:50:05.987412 [info ]: Waiting for lease on 'target' directory
11:50:06.399196 [info ]: Loading ~/.dbt/profiles.yml
11:50:06.406808 [info ]: Waiting for lease on 'target' directory
11:50:06.922529 [info ]: Started loading project
11:50:06.922754 [info ]: Loading ~/.dbt/profiles.yml
11:50:07.097695 [info ]:    Started resolving packages from packages.yml
11:50:07.185307 [info ]:   Finished [  0.09s] resolving packages from packages.yml (1 items)
11:50:07.185409 [debug]:    Started loading packages
11:50:07.187205 [debug]:     Loaded [  0.00s] packages
11:50:07.187873 [info ]: Finished loading project [  0.27s]
11:50:07.188080 [info ]: Started parsing
11:50:07.226048 [debug]: Finished parsing models/marts/customers.yml [  0.00s]
11:50:07.226346 [debug]: Finished parsing models/marts/order_items.yml [  0.00s]
11:50:07.226607 [debug]: Finished parsing models/marts/orders.yml [  0.00s]
11:50:07.226892 [debug]: Finished parsing models/staging/__sources.yml [  0.00s]
11:50:07.227141 [debug]: Finished parsing models/staging/stg_customers.yml [  0.00s]
11:50:07.227356 [debug]: Finished parsing models/staging/stg_locations.yml [  0.00s]
11:50:07.227523 [debug]: Finished parsing models/staging/stg_order_items.yml [  0.00s]
11:50:07.227641 [debug]: Finished parsing models/staging/stg_orders.yml [  0.00s]
11:50:07.227781 [debug]: Finished parsing models/staging/stg_products.yml [  0.00s]
11:50:07.227900 [debug]: Finished parsing models/staging/stg_supplies.yml [  0.00s]
11:50:07.231404 [debug]: Finished parsing models/marts/customers.sql [  0.00s]
11:50:07.231730 [debug]: Finished parsing models/marts/locations.sql [  0.00s]
11:50:07.232155 [debug]: Finished parsing models/marts/order_items.sql [  0.00s]
11:50:07.232428 [debug]: Finished parsing models/marts/orders.sql [  0.00s]
11:50:07.232595 [debug]: Finished parsing models/marts/products.sql [  0.00s]
11:50:07.232775 [debug]: Finished parsing models/marts/supplies.sql [  0.00s]
11:50:07.233009 [debug]: Finished parsing models/staging/stg_customers.sql [  0.00s]
11:50:07.233233 [debug]: Finished parsing models/staging/stg_locations.sql [  0.00s]
11:50:07.233460 [debug]: Finished parsing models/staging/stg_order_items.sql [  0.00s]
11:50:07.233807 [debug]: Finished parsing models/staging/stg_orders.sql [  0.00s]
11:50:07.234110 [debug]: Finished parsing models/staging/stg_products.sql [  0.00s]
11:50:07.234606 [debug]: Finished parsing models/staging/stg_supplies.sql [  0.00s]
11:50:07.240845 [info ]: Finished parsing [  0.05s]
11:50:07.241053 [info ]: Cached model count updated: 12 models (estimate)
11:50:07.241062 [info ]: Cached model count updated: 12 models (accurate)
11:50:07.241108 [info ]: Started scheduling
11:50:07.241172 [info ]: Finished scheduling [  0.00s]
11:50:07.241179 [debug]: Compilation - 0 nodes selected: {}
11:50:07.241194 [warn ]: [NoNodesForSelectionCriteria (dbt1092)]: The selection criterion '' does not match any enabled nodes
11:50:07.241214 [warn ]: [NoNodesSelected (dbt1601)]: Nothing to do. Try checking your model configs and model specification args
11:50:07.241221 [info ]: Started scheduling
11:50:07.241346 [info ]: Finished scheduling [  0.00s]
11:50:07.243157 [debug]: License check failed: Feature not licensed: 'lineage'
11:50:07.279521 [info ]: Started building task graph
11:50:07.279555 [info ]: Finished building task graph [  0.00s]
11:50:07.285304 [info ]: Started scheduling
11:50:07.285452 [info ]: Finished scheduling [  0.00s]
11:50:07.285938 [info ]: Cached model count updated: 12 models (accurate)
11:50:08.463591 [info ]: Started loading project
11:50:08.463836 [info ]: Loading ~/.dbt/profiles.yml
11:50:08.488055 [info ]: Cached model count updated: 12 models (estimate)
11:50:08.488079 [info ]: Cached model count updated: 12 models (accurate)
11:50:08.488124 [info ]: Started scheduling
11:50:08.488269 [info ]: Finished scheduling [  0.00s]
11:50:08.488282 [debug]: Compilation - 18 nodes selected: {"model.jaffle_shop.customers", "model.jaffle_shop.locations", "model.jaffle_shop.order_items", "model.jaffle_shop.orders", "model.jaffle_shop.products", "model.jaffle_shop.stg_customers", "model.jaffle_shop.stg_locations", "model.jaffle_shop.stg_order_items", "model.jaffle_shop.stg_orders", "model.jaffle_shop.stg_products", "model.jaffle_shop.stg_supplies", "model.jaffle_shop.supplies", "seed.jaffle_shop.raw_customers", "seed.jaffle_shop.raw_items", "seed.jaffle_shop.raw_orders", "seed.jaffle_shop.raw_products", "seed.jaffle_shop.raw_stores", "seed.jaffle_shop.raw_supplies"}
11:50:08.489022 [debug]: License check failed: Feature not licensed: 'lineage'
11:50:08.520861 [info ]: Started building task graph
11:50:08.520990 [info ]: Finished building task graph [  0.00s]
11:50:08.521144 [info ]: Finished loading project [  0.06s]
11:50:08.524253 [info ]: Started rendering (18 nodes)
11:50:08.524273 [info ]: Started model akash_dbt.supplies
11:50:08.524284 [debug]: Started rendering model akash_dbt.supplies
11:50:08.524300 [info ]: Started model akash_dbt.products
11:50:08.524306 [debug]: Started rendering model akash_dbt.products
11:50:08.524314 [info ]: Started model akash_dbt.locations
11:50:08.524320 [debug]: Started rendering model akash_dbt.locations
11:50:08.524328 [info ]: Started model akash_dbt.stg_locations
11:50:08.524333 [debug]: Started rendering model akash_dbt.stg_locations
11:50:08.524345 [info ]: Started seed akash_dbt_raw.raw_stores
11:50:08.524351 [debug]: Started rendering seed akash_dbt_raw.raw_stores
11:50:08.524363 [info ]: Started model akash_dbt.customers
11:50:08.524373 [debug]: Started rendering model akash_dbt.customers
11:50:08.524382 [info ]: Started model akash_dbt.stg_customers
11:50:08.524387 [debug]: Started rendering model akash_dbt.stg_customers
11:50:08.524397 [info ]: Started seed akash_dbt_raw.raw_customers
11:50:08.524402 [debug]: Started rendering seed akash_dbt_raw.raw_customers
11:50:08.524412 [info ]: Started model akash_dbt.orders
11:50:08.524427 [debug]: Started rendering model akash_dbt.orders
11:50:08.524439 [info ]: Started model akash_dbt.order_items
11:50:08.524446 [debug]: Started rendering model akash_dbt.order_items
11:50:08.524466 [info ]: Started model akash_dbt.stg_supplies
11:50:08.524471 [debug]: Started rendering model akash_dbt.stg_supplies
11:50:08.524478 [info ]: Started seed akash_dbt_raw.raw_supplies
11:50:08.524483 [debug]: Started rendering seed akash_dbt_raw.raw_supplies
11:50:08.524491 [info ]: Started model akash_dbt.stg_products
11:50:08.524495 [debug]: Started rendering model akash_dbt.stg_products
11:50:08.524503 [info ]: Started seed akash_dbt_raw.raw_products
11:50:08.524507 [debug]: Started rendering seed akash_dbt_raw.raw_products
11:50:08.524514 [info ]: Started model akash_dbt.stg_orders
11:50:08.524519 [debug]: Started rendering model akash_dbt.stg_orders
11:50:08.524528 [info ]: Started seed akash_dbt_raw.raw_orders
11:50:08.524533 [debug]: Started rendering seed akash_dbt_raw.raw_orders
11:50:08.524543 [info ]: Started model akash_dbt.stg_order_items
11:50:08.524548 [debug]: Started rendering model akash_dbt.stg_order_items
11:50:08.524559 [info ]: Started seed akash_dbt_raw.raw_items
11:50:08.524564 [debug]: Started rendering seed akash_dbt_raw.raw_items
11:50:08.524582 [debug]: Finished rendering [  0.00s] seed akash_dbt_raw.raw_stores [success]
11:50:08.524593 [info ]:  Succeeded [-------] seed  akash_dbt_raw.raw_stores (table)
11:50:08.524607 [debug]: Finished rendering [  0.00s] seed akash_dbt_raw.raw_customers [success]
11:50:08.524615 [info ]:  Succeeded [-------] seed  akash_dbt_raw.raw_customers (table)
11:50:08.524628 [debug]: Finished rendering [  0.00s] seed akash_dbt_raw.raw_supplies [success]
11:50:08.524642 [info ]:  Succeeded [-------] seed  akash_dbt_raw.raw_supplies (table)
11:50:08.524654 [debug]: Finished rendering [  0.00s] seed akash_dbt_raw.raw_products [success]
11:50:08.524663 [info ]:  Succeeded [-------] seed  akash_dbt_raw.raw_products (table)
11:50:08.524672 [debug]: Finished rendering [  0.00s] seed akash_dbt_raw.raw_orders [success]
11:50:08.524678 [info ]:  Succeeded [-------] seed  akash_dbt_raw.raw_orders (table)
11:50:08.524696 [debug]: Finished rendering [  0.00s] seed akash_dbt_raw.raw_items [success]
11:50:08.524705 [info ]:  Succeeded [-------] seed  akash_dbt_raw.raw_items (table)
11:50:08.525817 [debug]: Compiled SQL for node model.jaffle_shop.stg_customers at target/.lsp/compiled/jaffle_shop/models/staging/stg_customers.sql
11:50:08.525993 [debug]: Compiled SQL for node model.jaffle_shop.orders at target/.lsp/compiled/jaffle_shop/models/marts/orders.sql
11:50:08.526081 [debug]: Compiled SQL for node model.jaffle_shop.stg_locations at target/.lsp/compiled/jaffle_shop/models/staging/stg_locations.sql
11:50:08.526134 [debug]: Compiled SQL for node model.jaffle_shop.supplies at target/.lsp/compiled/jaffle_shop/models/marts/supplies.sql
11:50:08.526189 [debug]: Compiled SQL for node model.jaffle_shop.stg_products at target/.lsp/compiled/jaffle_shop/models/staging/stg_products.sql
11:50:08.525710 [debug]: Compiled SQL for node model.jaffle_shop.order_items at target/.lsp/compiled/jaffle_shop/models/marts/order_items.sql
11:50:08.526265 [debug]: Compiled SQL for node model.jaffle_shop.products at target/.lsp/compiled/jaffle_shop/models/marts/products.sql
11:50:08.526278 [debug]: Compiled SQL for node model.jaffle_shop.locations at target/.lsp/compiled/jaffle_shop/models/marts/locations.sql
11:50:08.526375 [debug]: Compiled SQL for node model.jaffle_shop.customers at target/.lsp/compiled/jaffle_shop/models/marts/customers.sql
11:50:08.526382 [debug]: Finished rendering [  0.00s] model akash_dbt.stg_customers [success]
11:50:08.526488 [info ]: Started analyzing (12 nodes)
11:50:08.526496 [debug]: Started analyzing model akash_dbt.stg_customers
11:50:08.526448 [debug]: Compiled SQL for node model.jaffle_shop.stg_order_items at target/.lsp/compiled/jaffle_shop/models/staging/stg_order_items.sql
11:50:08.526526 [debug]: Finished rendering [  0.00s] model akash_dbt.stg_products [success]
11:50:08.526552 [debug]: Started analyzing model akash_dbt.stg_products
11:50:08.526563 [debug]: Finished rendering [  0.00s] model akash_dbt.order_items [success]
11:50:08.526569 [debug]: Started analyzing model akash_dbt.order_items
11:50:08.526576 [debug]: Finished rendering [  0.00s] model akash_dbt.locations [success]
11:50:08.526582 [debug]: Started analyzing model akash_dbt.locations
11:50:08.526589 [debug]: Finished rendering [  0.00s] model akash_dbt.stg_locations [success]
11:50:08.526597 [debug]: Started analyzing model akash_dbt.stg_locations
11:50:08.526603 [debug]: Finished rendering [  0.00s] model akash_dbt.orders [success]
11:50:08.526609 [debug]: Started analyzing model akash_dbt.orders
11:50:08.526619 [debug]: Finished rendering [  0.00s] model akash_dbt.products [success]
11:50:08.526634 [debug]: Started analyzing model akash_dbt.products
11:50:08.526646 [debug]: Finished rendering [  0.00s] model akash_dbt.supplies [success]
11:50:08.526653 [debug]: Started analyzing model akash_dbt.supplies
11:50:08.526684 [debug]: Finished rendering [  0.00s] model akash_dbt.stg_order_items [success]
11:50:08.526698 [debug]: Started analyzing model akash_dbt.stg_order_items
11:50:08.526828 [debug]: Finished rendering [  0.00s] model akash_dbt.customers [success]
11:50:08.526846 [debug]: Started analyzing model akash_dbt.customers
11:50:08.526989 [debug]: Compiled SQL for node model.jaffle_shop.stg_orders at target/.lsp/compiled/jaffle_shop/models/staging/stg_orders.sql
11:50:08.527131 [debug]: Finished rendering [  0.00s] model akash_dbt.stg_orders [success]
11:50:08.527176 [debug]: Started analyzing model akash_dbt.stg_orders
11:50:08.527301 [debug]: Compiled SQL for node model.jaffle_shop.stg_supplies at target/.lsp/compiled/jaffle_shop/models/staging/stg_supplies.sql
11:50:08.527419 [debug]: Finished analyzing [  0.00s] model akash_dbt.stg_order_items [success]
11:50:08.527430 [info ]:  Succeeded [  0.00s] model akash_dbt.stg_order_items (view)
11:50:08.527448 [debug]: Finished rendering [  0.00s] model akash_dbt.stg_supplies [success]
11:50:08.527455 [info ]: Finished rendering [  0.00s] (18 nodes, 0 skipped, 0 errors)
11:50:08.527460 [debug]: Started analyzing model akash_dbt.stg_supplies
11:50:08.527530 [debug]: Finished analyzing [  0.00s] model akash_dbt.products [success]
11:50:08.527555 [info ]:  Succeeded [  0.00s] model akash_dbt.products (table)
11:50:08.527603 [debug]: Finished analyzing [  0.00s] model akash_dbt.supplies [success]
11:50:08.527618 [info ]:  Succeeded [  0.00s] model akash_dbt.supplies (table)
11:50:08.527652 [debug]: Finished analyzing [  0.00s] model akash_dbt.stg_customers [success]
11:50:08.527669 [info ]:  Succeeded [  0.00s] model akash_dbt.stg_customers (view)
11:50:08.527704 [debug]: Finished analyzing [  0.00s] model akash_dbt.locations [success]
11:50:08.527725 [info ]:  Succeeded [  0.00s] model akash_dbt.locations (table)
11:50:08.527754 [debug]: Finished analyzing [  0.00s] model akash_dbt.stg_locations [success]
11:50:08.527775 [info ]:  Succeeded [  0.00s] model akash_dbt.stg_locations (view)
11:50:08.527811 [debug]: Finished analyzing [  0.00s] model akash_dbt.stg_supplies [success]
11:50:08.527844 [info ]:  Succeeded [  0.00s] model akash_dbt.stg_supplies (view)
11:50:08.527919 [debug]: Finished analyzing [  0.00s] model akash_dbt.stg_products [success]
11:50:08.527930 [info ]:  Succeeded [  0.00s] model akash_dbt.stg_products (view)
11:50:08.527969 [debug]: Finished analyzing [  0.00s] model akash_dbt.stg_orders [success]
11:50:08.527988 [info ]:  Succeeded [  0.00s] model akash_dbt.stg_orders (view)
11:50:08.528224 [debug]: Finished analyzing [  0.00s] model akash_dbt.orders [success]
11:50:08.528233 [info ]:  Succeeded [  0.00s] model akash_dbt.orders (table)
11:50:08.528465 [debug]: Finished analyzing [  0.00s] model akash_dbt.order_items [success]
11:50:08.528476 [info ]:  Succeeded [  0.00s] model akash_dbt.order_items (table)
11:50:08.528491 [debug]: Finished analyzing [  0.00s] model akash_dbt.customers [success]
11:50:08.528497 [info ]: Finished analyzing [  0.00s] (12 nodes, 0 skipped, 0 errors)
11:50:08.528502 [info ]:  Succeeded [  0.00s] model akash_dbt.customers (table)
11:50:08.533864 [info ]: Started scheduling
11:50:08.533925 [info ]: Finished scheduling [  0.00s]
11:50:08.534629 [info ]: Cached model count updated: 12 models (accurate)
11:50:25.716278 [info ]: Loading ~/.dbt/profiles.yml
11:50:25.728776 [info ]: Started loading project
11:50:25.729042 [info ]: Loading ~/.dbt/profiles.yml
11:50:25.731685 [info ]: Started loading project
11:50:25.731804 [info ]: Loading ~/.dbt/profiles.yml
11:50:25.731816 [info ]: Finished loading project [  0.00s]
11:50:25.913866 [info ]:    Started resolving packages from packages.yml
11:50:25.992803 [info ]:   Finished [  0.08s] resolving packages from packages.yml (1 items)
11:50:25.993041 [debug]:    Started loading packages
11:50:25.993895 [debug]:     Failed [  0.00s] packages (error: Operation cancelled)
11:50:25.993970 [info ]: Finished loading project [  0.26s]
11:50:25.996982 [info ]: Waiting for lease on 'target' directory
11:50:26.048349 [info ]: Loading ~/.dbt/profiles.yml
11:50:26.305848 [info ]: Started loading project
11:50:26.306086 [info ]: Loading ~/.dbt/profiles.yml
11:50:26.480752 [info ]:    Started resolving packages from packages.yml
11:50:26.555446 [info ]:   Finished [  0.07s] resolving packages from packages.yml (1 items)
11:50:26.555568 [debug]:    Started loading packages
11:50:26.558998 [debug]:     Loaded [  0.00s] packages
11:50:26.559897 [info ]: Finished loading project [  0.25s]
11:50:26.560136 [info ]: Started parsing
11:50:26.602612 [error]: [SerializationError (dbt1013)]: Invalid model definition `jaffle_shop`: models.jaffle_shop.+static_analysis: unknown variant `strict1`, expected one of `unsafe`, `off`, `strict`, `baseline`, `on` at line 19 column 23
  --> dbt_project.yml:19:23
11:50:26.607873 [debug]: Finished parsing models/marts/customers.yml [  0.00s]
11:50:26.608339 [debug]: Finished parsing models/marts/order_items.yml [  0.00s]
11:50:26.608692 [debug]: Finished parsing models/marts/orders.yml [  0.00s]
11:50:26.608986 [debug]: Finished parsing models/staging/__sources.yml [  0.00s]
11:50:26.609164 [debug]: Finished parsing models/staging/stg_customers.yml [  0.00s]
11:50:26.609401 [debug]: Finished parsing models/staging/stg_locations.yml [  0.00s]
11:50:26.609600 [debug]: Finished parsing models/staging/stg_order_items.yml [  0.00s]
11:50:26.609734 [debug]: Finished parsing models/staging/stg_orders.yml [  0.00s]
11:50:26.609895 [debug]: Finished parsing models/staging/stg_products.yml [  0.00s]
11:50:26.610088 [debug]: Finished parsing models/staging/stg_supplies.yml [  0.00s]
11:50:26.614748 [debug]: Finished parsing models/marts/customers.sql [  0.00s]
11:50:26.616359 [debug]: Finished parsing models/marts/locations.sql [  0.00s]
11:50:26.617260 [debug]: Finished parsing models/marts/order_items.sql [  0.00s]
11:50:26.617653 [debug]: Finished parsing models/marts/orders.sql [  0.00s]
11:50:26.617920 [debug]: Finished parsing models/marts/products.sql [  0.00s]
11:50:26.618231 [debug]: Finished parsing models/marts/supplies.sql [  0.00s]
11:50:26.618570 [debug]: Finished parsing models/staging/stg_customers.sql [  0.00s]
11:50:26.618923 [debug]: Finished parsing models/staging/stg_locations.sql [  0.00s]
11:50:26.619745 [debug]: Finished parsing models/staging/stg_order_items.sql [  0.00s]
11:50:26.620316 [debug]: Finished parsing models/staging/stg_orders.sql [  0.00s]
11:50:26.620711 [debug]: Finished parsing models/staging/stg_products.sql [  0.00s]
11:50:26.621432 [debug]: Finished parsing models/staging/stg_supplies.sql [  0.00s]
11:50:26.628443 [info ]: Finished parsing [  0.07s]
11:50:26.628647 [info ]: Cached model count updated: 12 models (estimate)
11:50:26.628656 [info ]: Cached model count updated: 12 models (accurate)
11:50:26.628701 [info ]: Started scheduling
11:50:26.628776 [info ]: Finished scheduling [  0.00s]
11:50:26.628785 [debug]: Compilation - 0 nodes selected: {}
11:50:26.628842 [warn ]: [NoNodesForSelectionCriteria (dbt1092)]: The selection criterion '' does not match any enabled nodes
11:50:26.628856 [warn ]: [NoNodesSelected (dbt1601)]: Nothing to do. Try checking your model configs and model specification args
11:50:26.628863 [info ]: Started scheduling
11:50:26.629173 [info ]: Finished scheduling [  0.00s]
11:50:26.630207 [debug]: License check failed: Feature not licensed: 'lineage'
11:50:26.664124 [info ]: Started building task graph
11:50:26.664147 [info ]: Finished building task graph [  0.00s]
11:50:26.669329 [info ]: Started scheduling
11:50:26.669384 [info ]: Finished scheduling [  0.00s]
11:50:26.670228 [info ]: Cached model count updated: 12 models (accurate)
11:50:27.848863 [info ]: Started loading project
11:50:27.849124 [info ]: Loading ~/.dbt/profiles.yml
11:50:27.873483 [info ]: Cached model count updated: 12 models (estimate)
11:50:27.873506 [info ]: Cached model count updated: 12 models (accurate)
11:50:27.873550 [info ]: Started scheduling
11:50:27.873690 [info ]: Finished scheduling [  0.00s]
11:50:27.873701 [debug]: Compilation - 18 nodes selected: {"model.jaffle_shop.customers", "model.jaffle_shop.locations", "model.jaffle_shop.order_items", "model.jaffle_shop.orders", "model.jaffle_shop.products", "model.jaffle_shop.stg_customers", "model.jaffle_shop.stg_locations", "model.jaffle_shop.stg_order_items", "model.jaffle_shop.stg_orders", "model.jaffle_shop.stg_products", "model.jaffle_shop.stg_supplies", "model.jaffle_shop.supplies", "seed.jaffle_shop.raw_customers", "seed.jaffle_shop.raw_items", "seed.jaffle_shop.raw_orders", "seed.jaffle_shop.raw_products", "seed.jaffle_shop.raw_stores", "seed.jaffle_shop.raw_supplies"}
11:50:27.874600 [debug]: License check failed: Feature not licensed: 'lineage'
11:50:27.905873 [info ]: Started building task graph
11:50:27.905980 [info ]: Finished building task graph [  0.00s]
11:50:27.906155 [info ]: Finished loading project [  0.06s]
11:50:27.908534 [info ]: Started rendering (18 nodes)
11:50:27.908562 [info ]: Started model akash_dbt.supplies
11:50:27.908573 [debug]: Started rendering model akash_dbt.supplies
11:50:27.908590 [info ]: Started model akash_dbt.products
11:50:27.908596 [debug]: Started rendering model akash_dbt.products
11:50:27.908608 [info ]: Started model akash_dbt.locations
11:50:27.908615 [debug]: Started rendering model akash_dbt.locations
11:50:27.908630 [info ]: Started model akash_dbt.stg_locations
11:50:27.908640 [debug]: Started rendering model akash_dbt.stg_locations
11:50:27.908651 [info ]: Started seed akash_dbt_raw.raw_stores
11:50:27.908658 [debug]: Started rendering seed akash_dbt_raw.raw_stores
11:50:27.908669 [info ]: Started model akash_dbt.customers
11:50:27.908677 [debug]: Started rendering model akash_dbt.customers
11:50:27.908688 [info ]: Started model akash_dbt.stg_customers
11:50:27.908696 [debug]: Started rendering model akash_dbt.stg_customers
11:50:27.908704 [info ]: Started seed akash_dbt_raw.raw_customers
11:50:27.908798 [debug]: Started rendering seed akash_dbt_raw.raw_customers
11:50:27.908813 [info ]: Started model akash_dbt.orders
11:50:27.908820 [debug]: Started rendering model akash_dbt.orders
11:50:27.908833 [info ]: Started model akash_dbt.order_items
11:50:27.908840 [debug]: Started rendering model akash_dbt.order_items
11:50:27.908851 [info ]: Started model akash_dbt.stg_supplies
11:50:27.908905 [debug]: Started rendering model akash_dbt.stg_supplies
11:50:27.908946 [info ]: Started seed akash_dbt_raw.raw_supplies
11:50:27.908969 [debug]: Started rendering seed akash_dbt_raw.raw_supplies
11:50:27.909431 [debug]: Compiled SQL for node model.jaffle_shop.supplies at target/.lsp/compiled/jaffle_shop/models/marts/supplies.sql
11:50:27.909529 [info ]: Started model akash_dbt.stg_products
11:50:27.909537 [debug]: Started rendering model akash_dbt.stg_products
11:50:27.909546 [info ]: Started seed akash_dbt_raw.raw_products
11:50:27.909653 [debug]: Started rendering seed akash_dbt_raw.raw_products
11:50:27.909667 [info ]: Started model akash_dbt.stg_orders
11:50:27.909681 [debug]: Started rendering model akash_dbt.stg_orders
11:50:27.909692 [info ]: Started seed akash_dbt_raw.raw_orders
11:50:27.909699 [debug]: Started rendering seed akash_dbt_raw.raw_orders
11:50:27.909707 [info ]: Started model akash_dbt.stg_order_items
11:50:27.909700 [debug]: Compiled SQL for node model.jaffle_shop.locations at target/.lsp/compiled/jaffle_shop/models/marts/locations.sql
11:50:27.909713 [debug]: Started rendering model akash_dbt.stg_order_items
11:50:27.909778 [info ]: Started seed akash_dbt_raw.raw_items
11:50:27.909796 [debug]: Started rendering seed akash_dbt_raw.raw_items
11:50:27.909844 [debug]: Compiled SQL for node model.jaffle_shop.order_items at target/.lsp/compiled/jaffle_shop/models/marts/order_items.sql
11:50:27.909840 [debug]: Finished rendering [  0.00s] seed akash_dbt_raw.raw_stores [success]
11:50:27.909866 [info ]:  Succeeded [  0.00s] seed  akash_dbt_raw.raw_stores (table)
11:50:27.909921 [debug]: Finished rendering [  0.00s] seed akash_dbt_raw.raw_customers [success]
11:50:27.909964 [info ]:  Succeeded [  0.00s] seed  akash_dbt_raw.raw_customers (table)
11:50:27.910014 [debug]: Finished rendering [  0.00s] model akash_dbt.supplies [success]
11:50:27.910104 [info ]: Started analyzing (12 nodes)
11:50:27.910118 [debug]: Started analyzing model akash_dbt.supplies
11:50:27.910161 [debug]: Compiled SQL for node model.jaffle_shop.stg_customers at target/.lsp/compiled/jaffle_shop/models/staging/stg_customers.sql
11:50:27.910377 [debug]: Compiled SQL for node model.jaffle_shop.products at target/.lsp/compiled/jaffle_shop/models/marts/products.sql
11:50:27.910377 [debug]: Finished rendering [  0.00s] model akash_dbt.order_items [success]
11:50:27.910397 [debug]: Started analyzing model akash_dbt.order_items
11:50:27.910408 [debug]: Finished rendering [  0.00s] model akash_dbt.locations [success]
11:50:27.910419 [debug]: Started analyzing model akash_dbt.locations
11:50:27.910428 [debug]: Finished rendering [  0.00s] seed akash_dbt_raw.raw_supplies [success]
11:50:27.910434 [info ]:  Succeeded [  0.00s] seed  akash_dbt_raw.raw_supplies (table)
11:50:27.910447 [debug]: Compiled SQL for node model.jaffle_shop.stg_locations at target/.lsp/compiled/jaffle_shop/models/staging/stg_locations.sql
11:50:27.910456 [debug]: Finished rendering [  0.00s] seed akash_dbt_raw.raw_orders [success]
11:50:27.910462 [info ]:  Succeeded [-------] seed  akash_dbt_raw.raw_orders (table)
11:50:27.910473 [debug]: Finished rendering [  0.00s] seed akash_dbt_raw.raw_products [success]
11:50:27.910479 [info ]:  Succeeded [-------] seed  akash_dbt_raw.raw_products (table)
11:50:27.910505 [debug]: Finished rendering [  0.00s] model akash_dbt.products [success]
11:50:27.910512 [debug]: Started analyzing model akash_dbt.products
11:50:27.910668 [debug]: Compiled SQL for node model.jaffle_shop.customers at target/.lsp/compiled/jaffle_shop/models/marts/customers.sql
11:50:27.910715 [debug]: Finished rendering [  0.00s] model akash_dbt.stg_locations [success]
11:50:27.910726 [debug]: Started analyzing model akash_dbt.stg_locations
11:50:27.910797 [debug]: Finished rendering [  0.00s] seed akash_dbt_raw.raw_items [success]
11:50:27.910818 [info ]:  Succeeded [-------] seed  akash_dbt_raw.raw_items (table)
11:50:27.910850 [debug]: Finished rendering [  0.00s] model akash_dbt.stg_customers [success]
11:50:27.910870 [debug]: Started analyzing model akash_dbt.stg_customers
11:50:27.910900 [debug]: Compiled SQL for node model.jaffle_shop.orders at target/.lsp/compiled/jaffle_shop/models/marts/orders.sql
11:50:27.911077 [debug]: Compiled SQL for node model.jaffle_shop.stg_products at target/.lsp/compiled/jaffle_shop/models/staging/stg_products.sql
11:50:27.911221 [debug]: Finished rendering [  0.00s] model akash_dbt.customers [success]
11:50:27.911312 [debug]: Started analyzing model akash_dbt.customers
11:50:27.911409 [debug]: Finished analyzing [  0.00s] model akash_dbt.supplies [success]
11:50:27.911429 [info ]:  Succeeded [  0.00s] model akash_dbt.supplies (view)
11:50:27.911504 [debug]: Finished rendering [  0.00s] model akash_dbt.orders [success]
11:50:27.911584 [debug]: Compiled SQL for node model.jaffle_shop.stg_order_items at target/.lsp/compiled/jaffle_shop/models/staging/stg_order_items.sql
11:50:27.911851 [debug]: Started analyzing model akash_dbt.orders
11:50:27.911868 [debug]: Finished rendering [  0.00s] model akash_dbt.stg_products [success]
11:50:27.911878 [debug]: Started analyzing model akash_dbt.stg_products
11:50:27.911890 [debug]: Finished analyzing [  0.00s] model akash_dbt.stg_customers [success]
11:50:27.911898 [info ]:  Succeeded [  0.00s] model akash_dbt.stg_customers (view)
11:50:27.911910 [debug]: Finished rendering [  0.00s] model akash_dbt.stg_order_items [success]
11:50:27.911927 [debug]: Started analyzing model akash_dbt.stg_order_items
11:50:27.911936 [debug]: Finished analyzing [  0.00s] model akash_dbt.stg_locations [success]
11:50:27.911943 [info ]:  Succeeded [  0.00s] model akash_dbt.stg_locations (view)
11:50:27.911953 [debug]: Finished analyzing [  0.00s] model akash_dbt.locations [success]
11:50:27.911961 [info ]:  Succeeded [  0.00s] model akash_dbt.locations (view)
11:50:27.911970 [debug]: Finished analyzing [  0.00s] model akash_dbt.products [success]
11:50:27.911979 [info ]:  Succeeded [  0.00s] model akash_dbt.products (view)
11:50:27.912018 [debug]: Finished analyzing [  0.00s] model akash_dbt.order_items [success]
11:50:27.912027 [info ]:  Succeeded [  0.00s] model akash_dbt.order_items (view)
11:50:27.912098 [debug]: Finished analyzing [  0.00s] model akash_dbt.stg_order_items [success]
11:50:27.912109 [info ]:  Succeeded [  0.00s] model akash_dbt.stg_order_items (view)
11:50:27.912181 [debug]: Finished analyzing [  0.00s] model akash_dbt.stg_products [success]
11:50:27.912189 [info ]:  Succeeded [  0.00s] model akash_dbt.stg_products (view)
11:50:27.912481 [debug]: Finished analyzing [  0.00s] model akash_dbt.customers [success]
11:50:27.912490 [info ]:  Succeeded [  0.00s] model akash_dbt.customers (view)
11:50:27.912561 [debug]: Compiled SQL for node model.jaffle_shop.stg_supplies at target/.lsp/compiled/jaffle_shop/models/staging/stg_supplies.sql
11:50:27.912678 [debug]: Finished rendering [  0.00s] model akash_dbt.stg_supplies [success]
11:50:27.912689 [debug]: Started analyzing model akash_dbt.stg_supplies
11:50:27.912842 [debug]: Finished analyzing [  0.00s] model akash_dbt.orders [success]
11:50:27.912853 [info ]:  Succeeded [  0.00s] model akash_dbt.orders (view)
11:50:27.912940 [debug]: Compiled SQL for node model.jaffle_shop.stg_orders at target/.lsp/compiled/jaffle_shop/models/staging/stg_orders.sql
11:50:27.913017 [debug]: Finished rendering [  0.00s] model akash_dbt.stg_orders [success]
11:50:27.913026 [info ]: Finished rendering [  0.00s] (18 nodes, 0 skipped, 0 errors)
11:50:27.913036 [debug]: Started analyzing model akash_dbt.stg_orders
11:50:27.913137 [debug]: Finished analyzing [  0.00s] model akash_dbt.stg_supplies [success]
11:50:27.913146 [info ]:  Succeeded [  0.00s] model akash_dbt.stg_supplies (view)
11:50:27.913157 [debug]: Finished analyzing [  0.00s] model akash_dbt.stg_orders [success]
11:50:27.913163 [info ]: Finished analyzing [  0.00s] (12 nodes, 0 skipped, 0 errors)
11:50:27.913168 [info ]:  Succeeded [  0.00s] model akash_dbt.stg_orders (view)
11:50:27.918684 [info ]: Started scheduling
11:50:27.918745 [info ]: Finished scheduling [  0.00s]
11:50:27.919385 [info ]: Cached model count updated: 12 models (accurate)
11:51:00.715605 [info ]: Loading ~/.dbt/profiles.yml
11:51:00.734026 [info ]: Started loading project
11:51:00.734587 [info ]: Loading ~/.dbt/profiles.yml
11:51:00.739363 [info ]: Started loading project
11:51:00.739574 [info ]: Loading ~/.dbt/profiles.yml
11:51:00.739604 [info ]: Finished loading project [  0.01s]
11:51:00.905217 [info ]:    Started resolving packages from packages.yml
11:51:00.985947 [info ]:     Failed [  0.08s] resolving packages from packages.yml (error: Operation cancelled)
11:51:00.986088 [info ]: Finished loading project [  0.25s]
11:51:00.989734 [info ]: Waiting for lease on 'target' directory
11:51:01.042278 [info ]: Loading ~/.dbt/profiles.yml
11:51:01.297339 [info ]: Loading ~/.dbt/profiles.yml
11:51:01.301666 [info ]: Waiting for lease on 'target' directory
11:51:01.815192 [info ]: Loading ~/.dbt/profiles.yml
11:51:01.823287 [info ]: Waiting for lease on 'target' directory
11:51:02.339565 [info ]: Started loading project
11:51:02.339821 [info ]: Loading ~/.dbt/profiles.yml
11:51:02.494868 [info ]:    Started resolving packages from packages.yml
11:51:03.564969 [info ]:   Finished [  1.07s] resolving packages from packages.yml (1 items)
11:51:03.565090 [debug]:    Started loading packages
11:51:03.566642 [debug]:     Loaded [  0.00s] packages
11:51:03.567321 [info ]: Finished loading project [  1.23s]
11:51:03.567528 [info ]: Started parsing
11:51:03.607998 [debug]: Finished parsing models/marts/customers.yml [  0.00s]
11:51:03.608184 [debug]: Finished parsing models/marts/order_items.yml [  0.00s]
11:51:03.608439 [debug]: Finished parsing models/marts/orders.yml [  0.00s]
11:51:03.608604 [debug]: Finished parsing models/staging/__sources.yml [  0.00s]
11:51:03.608717 [debug]: Finished parsing models/staging/stg_customers.yml [  0.00s]
11:51:03.608853 [debug]: Finished parsing models/staging/stg_locations.yml [  0.00s]
11:51:03.608935 [debug]: Finished parsing models/staging/stg_order_items.yml [  0.00s]
11:51:03.609007 [debug]: Finished parsing models/staging/stg_orders.yml [  0.00s]
11:51:03.609069 [debug]: Finished parsing models/staging/stg_products.yml [  0.00s]
11:51:03.609129 [debug]: Finished parsing models/staging/stg_supplies.yml [  0.00s]
11:51:03.612845 [debug]: Finished parsing models/marts/customers.sql [  0.00s]
11:51:03.613194 [debug]: Finished parsing models/marts/locations.sql [  0.00s]
11:51:03.613826 [debug]: Finished parsing models/marts/order_items.sql [  0.00s]
11:51:03.614121 [debug]: Finished parsing models/marts/orders.sql [  0.00s]
11:51:03.614343 [debug]: Finished parsing models/marts/products.sql [  0.00s]
11:51:03.614563 [debug]: Finished parsing models/marts/supplies.sql [  0.00s]
11:51:03.614847 [debug]: Finished parsing models/staging/stg_customers.sql [  0.00s]
11:51:03.615127 [debug]: Finished parsing models/staging/stg_locations.sql [  0.00s]
11:51:03.615462 [debug]: Finished parsing models/staging/stg_order_items.sql [  0.00s]
11:51:03.615862 [debug]: Finished parsing models/staging/stg_orders.sql [  0.00s]
11:51:03.616154 [debug]: Finished parsing models/staging/stg_products.sql [  0.00s]
11:51:03.616643 [debug]: Finished parsing models/staging/stg_supplies.sql [  0.00s]
11:51:03.622185 [info ]: Finished parsing [  0.05s]
11:51:03.622355 [info ]: Cached model count updated: 12 models (estimate)
11:51:03.622364 [info ]: Cached model count updated: 12 models (accurate)
11:51:03.622406 [info ]: Started scheduling
11:51:03.622443 [info ]: Finished scheduling [  0.00s]
11:51:03.622448 [debug]: Compilation - 0 nodes selected: {}
11:51:03.622461 [warn ]: [NoNodesForSelectionCriteria (dbt1092)]: The selection criterion '' does not match any enabled nodes
11:51:03.622477 [warn ]: [NoNodesSelected (dbt1601)]: Nothing to do. Try checking your model configs and model specification args
11:51:03.622482 [info ]: Started scheduling
11:51:03.622593 [info ]: Finished scheduling [  0.00s]
11:51:03.623257 [debug]: License check failed: Feature not licensed: 'lineage'
11:51:03.652592 [info ]: Started building task graph
11:51:03.652613 [info ]: Finished building task graph [  0.00s]
11:51:03.657658 [info ]: Started scheduling
11:51:03.657717 [info ]: Finished scheduling [  0.00s]
11:51:03.658151 [info ]: Cached model count updated: 12 models (accurate)
11:51:04.835448 [info ]: Started loading project
11:51:04.835664 [info ]: Loading ~/.dbt/profiles.yml
11:51:04.859975 [info ]: Cached model count updated: 12 models (estimate)
11:51:04.859997 [info ]: Cached model count updated: 12 models (accurate)
11:51:04.860050 [info ]: Started scheduling
11:51:04.860199 [info ]: Finished scheduling [  0.00s]
11:51:04.860211 [debug]: Compilation - 18 nodes selected: {"model.jaffle_shop.customers", "model.jaffle_shop.locations", "model.jaffle_shop.order_items", "model.jaffle_shop.orders", "model.jaffle_shop.products", "model.jaffle_shop.stg_customers", "model.jaffle_shop.stg_locations", "model.jaffle_shop.stg_order_items", "model.jaffle_shop.stg_orders", "model.jaffle_shop.stg_products", "model.jaffle_shop.stg_supplies", "model.jaffle_shop.supplies", "seed.jaffle_shop.raw_customers", "seed.jaffle_shop.raw_items", "seed.jaffle_shop.raw_orders", "seed.jaffle_shop.raw_products", "seed.jaffle_shop.raw_stores", "seed.jaffle_shop.raw_supplies"}
11:51:04.860945 [debug]: License check failed: Feature not licensed: 'lineage'
11:51:04.893270 [info ]: Started building task graph
11:51:04.893401 [info ]: Finished building task graph [  0.00s]
11:51:04.893535 [info ]: Finished loading project [  0.06s]
11:51:04.896697 [info ]: Started rendering (18 nodes)
11:51:04.896721 [info ]: Started model akash_dbt.supplies
11:51:04.896735 [debug]: Started rendering model akash_dbt.supplies
11:51:04.896751 [info ]: Started model akash_dbt.products
11:51:04.896759 [debug]: Started rendering model akash_dbt.products
11:51:04.896770 [info ]: Started model akash_dbt.locations
11:51:04.896779 [debug]: Started rendering model akash_dbt.locations
11:51:04.896789 [info ]: Started model akash_dbt.stg_locations
11:51:04.896797 [debug]: Started rendering model akash_dbt.stg_locations
11:51:04.896808 [info ]: Started seed akash_dbt_raw.raw_stores
11:51:04.896815 [debug]: Started rendering seed akash_dbt_raw.raw_stores
11:51:04.896823 [info ]: Started model akash_dbt.customers
11:51:04.896830 [debug]: Started rendering model akash_dbt.customers
11:51:04.896840 [info ]: Started model akash_dbt.stg_customers
11:51:04.896846 [debug]: Started rendering model akash_dbt.stg_customers
11:51:04.896854 [info ]: Started seed akash_dbt_raw.raw_customers
11:51:04.896861 [debug]: Started rendering seed akash_dbt_raw.raw_customers
11:51:04.896871 [info ]: Started model akash_dbt.orders
11:51:04.896878 [debug]: Started rendering model akash_dbt.orders
11:51:04.896887 [info ]: Started model akash_dbt.order_items
11:51:04.896893 [debug]: Started rendering model akash_dbt.order_items
11:51:04.896902 [info ]: Started model akash_dbt.stg_supplies
11:51:04.896908 [debug]: Started rendering model akash_dbt.stg_supplies
11:51:04.896918 [info ]: Started seed akash_dbt_raw.raw_supplies
11:51:04.896924 [debug]: Started rendering seed akash_dbt_raw.raw_supplies
11:51:04.896933 [info ]: Started model akash_dbt.stg_products
11:51:04.896945 [debug]: Started rendering model akash_dbt.stg_products
11:51:04.897247 [info ]: Started seed akash_dbt_raw.raw_products
11:51:04.897257 [debug]: Started rendering seed akash_dbt_raw.raw_products
11:51:04.897268 [info ]: Started model akash_dbt.stg_orders
11:51:04.897277 [debug]: Started rendering model akash_dbt.stg_orders
11:51:04.897353 [info ]: Started seed akash_dbt_raw.raw_orders
11:51:04.897360 [debug]: Started rendering seed akash_dbt_raw.raw_orders
11:51:04.897369 [info ]: Started model akash_dbt.stg_order_items
11:51:04.897375 [debug]: Started rendering model akash_dbt.stg_order_items
11:51:04.897384 [info ]: Started seed akash_dbt_raw.raw_items
11:51:04.897391 [debug]: Started rendering seed akash_dbt_raw.raw_items
11:51:04.897824 [debug]: Finished rendering [  0.00s] seed akash_dbt_raw.raw_customers [success]
11:51:04.897842 [info ]:  Succeeded [-------] seed  akash_dbt_raw.raw_customers (table)
11:51:04.897857 [debug]: Finished rendering [  0.00s] seed akash_dbt_raw.raw_products [success]
11:51:04.897864 [info ]:  Succeeded [-------] seed  akash_dbt_raw.raw_products (table)
11:51:04.897875 [debug]: Finished rendering [  0.00s] seed akash_dbt_raw.raw_stores [success]
11:51:04.897882 [info ]:  Succeeded [  0.00s] seed  akash_dbt_raw.raw_stores (table)
11:51:04.897892 [debug]: Finished rendering [  0.00s] seed akash_dbt_raw.raw_orders [success]
11:51:04.897898 [info ]:  Succeeded [-------] seed  akash_dbt_raw.raw_orders (table)
11:51:04.897908 [debug]: Finished rendering [  0.00s] seed akash_dbt_raw.raw_items [success]
11:51:04.897914 [info ]:  Succeeded [-------] seed  akash_dbt_raw.raw_items (table)
11:51:04.897925 [debug]: Finished rendering [  0.00s] seed akash_dbt_raw.raw_supplies [success]
11:51:04.897931 [info ]:  Succeeded [-------] seed  akash_dbt_raw.raw_supplies (table)
11:51:04.899230 [debug]: Compiled SQL for node model.jaffle_shop.stg_order_items at target/.lsp/compiled/jaffle_shop/models/staging/stg_order_items.sql
11:51:04.899627 [debug]: Compiled SQL for node model.jaffle_shop.stg_locations at target/.lsp/compiled/jaffle_shop/models/staging/stg_locations.sql
11:51:04.899872 [debug]: Compiled SQL for node model.jaffle_shop.orders at target/.lsp/compiled/jaffle_shop/models/marts/orders.sql
11:51:04.899994 [debug]: Compiled SQL for node model.jaffle_shop.customers at target/.lsp/compiled/jaffle_shop/models/marts/customers.sql
11:51:04.900126 [debug]: Finished rendering [  0.00s] model akash_dbt.stg_order_items [success]
11:51:04.900152 [info ]: Started analyzing (12 nodes)
11:51:04.900159 [debug]: Started analyzing model akash_dbt.stg_order_items
11:51:04.900696 [debug]: Finished rendering [  0.00s] model akash_dbt.stg_locations [success]
11:51:04.900706 [debug]: Started analyzing model akash_dbt.stg_locations
11:51:04.901043 [debug]: Compiled SQL for node model.jaffle_shop.stg_supplies at target/.lsp/compiled/jaffle_shop/models/staging/stg_supplies.sql
11:51:04.901069 [debug]: Compiled SQL for node model.jaffle_shop.stg_customers at target/.lsp/compiled/jaffle_shop/models/staging/stg_customers.sql
11:51:04.901219 [debug]: Finished rendering [  0.00s] model akash_dbt.orders [success]
11:51:04.901233 [debug]: Started analyzing model akash_dbt.orders
11:51:04.901239 [debug]: Compiled SQL for node model.jaffle_shop.stg_products at target/.lsp/compiled/jaffle_shop/models/staging/stg_products.sql
11:51:04.901370 [debug]: Finished rendering [  0.00s] model akash_dbt.customers [success]
11:51:04.901382 [debug]: Started analyzing model akash_dbt.customers
11:51:04.901797 [debug]: Finished rendering [  0.00s] model akash_dbt.stg_supplies [success]
11:51:04.901807 [debug]: Started analyzing model akash_dbt.stg_supplies
11:51:04.901820 [debug]: Finished rendering [  0.00s] model akash_dbt.stg_customers [success]
11:51:04.901827 [debug]: Started analyzing model akash_dbt.stg_customers
11:51:04.902419 [debug]: Finished rendering [  0.01s] model akash_dbt.stg_products [success]
11:51:04.902434 [debug]: Started analyzing model akash_dbt.stg_products
11:51:04.903318 [debug]: Finished analyzing [  0.00s] model akash_dbt.stg_order_items [success]
11:51:04.903510 [debug]: Compiled SQL for node model.jaffle_shop.order_items at target/.lsp/compiled/jaffle_shop/models/marts/order_items.sql
11:51:04.903922 [debug]: Compiled SQL for node model.jaffle_shop.stg_orders at target/.lsp/compiled/jaffle_shop/models/staging/stg_orders.sql
11:51:04.904798 [info ]:  Succeeded [  0.01s] model akash_dbt.stg_order_items (view)
11:51:04.904874 [debug]: Finished analyzing [  0.00s] model akash_dbt.stg_locations [success]
11:51:04.904887 [debug]: Compiled SQL for node model.jaffle_shop.supplies at target/.lsp/compiled/jaffle_shop/models/marts/supplies.sql
11:51:04.904917 [info ]:  Succeeded [  0.01s] model akash_dbt.stg_locations (view)
11:51:04.904948 [debug]: Finished analyzing [  0.00s] model akash_dbt.stg_supplies [success]
11:51:04.905004 [info ]:  Succeeded [  0.01s] model akash_dbt.stg_supplies (view)
11:51:04.905045 [debug]: Compiled SQL for node model.jaffle_shop.locations at target/.lsp/compiled/jaffle_shop/models/marts/locations.sql
11:51:04.905100 [debug]: Finished analyzing [  0.00s] model akash_dbt.customers [success]
11:51:04.905110 [info ]:  Succeeded [  0.01s] model akash_dbt.customers (table)
11:51:04.905123 [debug]: Finished analyzing [  0.00s] model akash_dbt.orders [success]
11:51:04.905129 [info ]:  Succeeded [  0.01s] model akash_dbt.orders (table)
11:51:04.905140 [debug]: Finished analyzing [  0.00s] model akash_dbt.stg_customers [success]
11:51:04.905146 [info ]:  Succeeded [  0.01s] model akash_dbt.stg_customers (view)
11:51:04.905157 [debug]: Finished rendering [  0.01s] model akash_dbt.stg_orders [success]
11:51:04.905170 [debug]: Started analyzing model akash_dbt.stg_orders
11:51:04.905186 [debug]: Finished analyzing [  0.00s] model akash_dbt.stg_products [success]
11:51:04.905193 [info ]:  Succeeded [  0.01s] model akash_dbt.stg_products (view)
11:51:04.905204 [debug]: Finished rendering [  0.01s] model akash_dbt.order_items [success]
11:51:04.905211 [debug]: Started analyzing model akash_dbt.order_items
11:51:04.905230 [debug]: Finished rendering [  0.01s] model akash_dbt.supplies [success]
11:51:04.905237 [debug]: Started analyzing model akash_dbt.supplies
11:51:04.905245 [debug]: Finished rendering [  0.01s] model akash_dbt.locations [success]
11:51:04.905252 [debug]: Started analyzing model akash_dbt.locations
11:51:04.905475 [debug]: Finished analyzing [  0.00s] model akash_dbt.stg_orders [success]
11:51:04.905482 [info ]:  Succeeded [  0.01s] model akash_dbt.stg_orders (view)
11:51:04.905575 [debug]: Finished analyzing [  0.00s] model akash_dbt.supplies [success]
11:51:04.905603 [info ]:  Succeeded [  0.01s] model akash_dbt.supplies (table)
11:51:04.905729 [debug]: Finished analyzing [  0.00s] model akash_dbt.locations [success]
11:51:04.905726 [debug]: Compiled SQL for node model.jaffle_shop.products at target/.lsp/compiled/jaffle_shop/models/marts/products.sql
11:51:04.905792 [info ]:  Succeeded [  0.01s] model akash_dbt.locations (table)
11:51:04.905861 [debug]: Finished rendering [  0.01s] model akash_dbt.products [success]
11:51:04.905871 [info ]: Finished rendering [  0.01s] (18 nodes, 0 skipped, 0 errors)
11:51:04.905879 [debug]: Started analyzing model akash_dbt.products
11:51:04.905946 [debug]: Finished analyzing [  0.00s] model akash_dbt.products [success]
11:51:04.905956 [info ]:  Succeeded [  0.01s] model akash_dbt.products (table)
11:51:04.906008 [debug]: Finished analyzing [  0.00s] model akash_dbt.order_items [success]
11:51:04.906017 [info ]: Finished analyzing [  0.01s] (12 nodes, 0 skipped, 0 errors)
11:51:04.906024 [info ]:  Succeeded [  0.01s] model akash_dbt.order_items (table)
11:51:04.912350 [info ]: Started scheduling
11:51:04.912417 [info ]: Finished scheduling [  0.00s]
11:51:04.913296 [info ]: Cached model count updated: 12 models (accurate)
11:52:31.821046 [info ]: Loading ~/.dbt/profiles.yml
11:52:31.839117 [info ]: Started loading project
11:52:31.839444 [info ]: Loading ~/.dbt/profiles.yml
11:52:31.843575 [info ]: Started loading project
11:52:31.843757 [info ]: Loading ~/.dbt/profiles.yml
11:52:31.843768 [info ]: Finished loading project [  0.00s]
11:52:32.007586 [info ]:    Started resolving packages from packages.yml
11:52:32.098628 [info ]:   Finished [  0.09s] resolving packages from packages.yml (1 items)
11:52:32.098854 [debug]:    Started loading packages
11:52:32.102590 [debug]:     Loaded [  0.00s] packages
11:52:32.103214 [info ]: Finished loading project [  0.26s]
11:52:32.103444 [info ]: Started parsing
11:52:32.158199 [debug]: Finished parsing models/marts/customers.yml [  0.00s]
11:52:32.158988 [debug]: Finished parsing models/marts/order_items.yml [  0.00s]
11:52:32.159354 [debug]: Finished parsing models/marts/orders.yml [  0.00s]
11:52:32.159688 [debug]: Finished parsing models/staging/__sources.yml [  0.00s]
11:52:32.159892 [debug]: Finished parsing models/staging/stg_customers.yml [  0.00s]
11:52:32.160106 [debug]: Finished parsing models/staging/stg_locations.yml [  0.00s]
11:52:32.160294 [debug]: Finished parsing models/staging/stg_order_items.yml [  0.00s]
11:52:32.160428 [debug]: Finished parsing models/staging/stg_orders.yml [  0.00s]
11:52:32.160585 [debug]: Finished parsing models/staging/stg_products.yml [  0.00s]
11:52:32.160734 [debug]: Finished parsing models/staging/stg_supplies.yml [  0.00s]
11:52:32.164989 [debug]: Finished parsing models/marts/customers.sql [  0.00s]
11:52:32.165291 [debug]: Finished parsing models/marts/locations.sql [  0.00s]
11:52:32.165780 [debug]: Finished parsing models/marts/order_items.sql [  0.00s]
11:52:32.166160 [debug]: Finished parsing models/marts/orders.sql [  0.00s]
11:52:32.166506 [debug]: Finished parsing models/marts/products.sql [  0.00s]
11:52:32.166799 [debug]: Finished parsing models/marts/supplies.sql [  0.00s]
11:52:32.167092 [debug]: Finished parsing models/staging/stg_customers.sql [  0.00s]
11:52:32.167415 [debug]: Finished parsing models/staging/stg_locations.sql [  0.00s]
11:52:32.167728 [debug]: Finished parsing models/staging/stg_order_items.sql [  0.00s]
11:52:32.168155 [debug]: Finished parsing models/staging/stg_orders.sql [  0.00s]
11:52:32.168491 [debug]: Finished parsing models/staging/stg_products.sql [  0.00s]
11:52:32.169108 [debug]: Finished parsing models/staging/stg_supplies.sql [  0.00s]
11:52:32.174790 [info ]: Finished parsing [  0.07s]
11:52:32.174994 [info ]: Cached model count updated: 12 models (estimate)
11:52:32.175007 [info ]: Cached model count updated: 12 models (accurate)
11:52:32.175048 [info ]: Started scheduling
11:52:32.175109 [info ]: Finished scheduling [  0.00s]
11:52:32.175115 [debug]: Compilation - 0 nodes selected: {}
11:52:32.175134 [warn ]: [NoNodesForSelectionCriteria (dbt1092)]: The selection criterion '' does not match any enabled nodes
11:52:32.175156 [warn ]: [NoNodesSelected (dbt1601)]: Nothing to do. Try checking your model configs and model specification args
11:52:32.175163 [info ]: Started scheduling
11:52:32.175284 [info ]: Finished scheduling [  0.00s]
11:52:32.176103 [debug]: License check failed: Feature not licensed: 'lineage'
11:52:32.206437 [info ]: Started building task graph
11:52:32.206468 [info ]: Finished building task graph [  0.00s]
11:52:32.213022 [info ]: Started scheduling
11:52:32.213084 [info ]: Finished scheduling [  0.00s]
11:52:32.215988 [info ]: Cached model count updated: 12 models (accurate)
11:52:33.393337 [info ]: Started loading project
11:52:33.393584 [info ]: Loading ~/.dbt/profiles.yml
11:52:33.416965 [info ]: Cached model count updated: 12 models (estimate)
11:52:33.416987 [info ]: Cached model count updated: 12 models (accurate)
11:52:33.417044 [info ]: Started scheduling
11:52:33.417183 [info ]: Finished scheduling [  0.00s]
11:52:33.417194 [debug]: Compilation - 18 nodes selected: {"model.jaffle_shop.customers", "model.jaffle_shop.locations", "model.jaffle_shop.order_items", "model.jaffle_shop.orders", "model.jaffle_shop.products", "model.jaffle_shop.stg_customers", "model.jaffle_shop.stg_locations", "model.jaffle_shop.stg_order_items", "model.jaffle_shop.stg_orders", "model.jaffle_shop.stg_products", "model.jaffle_shop.stg_supplies", "model.jaffle_shop.supplies", "seed.jaffle_shop.raw_customers", "seed.jaffle_shop.raw_items", "seed.jaffle_shop.raw_orders", "seed.jaffle_shop.raw_products", "seed.jaffle_shop.raw_stores", "seed.jaffle_shop.raw_supplies"}
11:52:33.417870 [debug]: License check failed: Feature not licensed: 'lineage'
11:52:33.450717 [info ]: Started building task graph
11:52:33.450857 [info ]: Finished building task graph [  0.00s]
11:52:33.451021 [info ]: Finished loading project [  0.06s]
11:52:33.454459 [info ]: Started rendering (18 nodes)
11:52:33.454483 [info ]: Started model akash_dbt.supplies
11:52:33.454496 [debug]: Started rendering model akash_dbt.supplies
11:52:33.454512 [info ]: Started model akash_dbt.products
11:52:33.454519 [debug]: Started rendering model akash_dbt.products
11:52:33.454531 [info ]: Started model akash_dbt.locations
11:52:33.454537 [debug]: Started rendering model akash_dbt.locations
11:52:33.454546 [info ]: Started model akash_dbt.stg_locations
11:52:33.454553 [debug]: Started rendering model akash_dbt.stg_locations
11:52:33.454564 [info ]: Started seed akash_dbt_raw.raw_stores
11:52:33.454570 [debug]: Started rendering seed akash_dbt_raw.raw_stores
11:52:33.454578 [info ]: Started model akash_dbt.customers
11:52:33.454583 [debug]: Started rendering model akash_dbt.customers
11:52:33.454591 [info ]: Started model akash_dbt.stg_customers
11:52:33.454597 [debug]: Started rendering model akash_dbt.stg_customers
11:52:33.454607 [info ]: Started seed akash_dbt_raw.raw_customers
11:52:33.454613 [debug]: Started rendering seed akash_dbt_raw.raw_customers
11:52:33.454622 [info ]: Started model akash_dbt.orders
11:52:33.454632 [debug]: Started rendering model akash_dbt.orders
11:52:33.454642 [info ]: Started model akash_dbt.order_items
11:52:33.454648 [debug]: Started rendering model akash_dbt.order_items
11:52:33.454664 [info ]: Started model akash_dbt.stg_supplies
11:52:33.454671 [debug]: Started rendering model akash_dbt.stg_supplies
11:52:33.454680 [info ]: Started seed akash_dbt_raw.raw_supplies
11:52:33.454694 [debug]: Started rendering seed akash_dbt_raw.raw_supplies
11:52:33.454711 [info ]: Started model akash_dbt.stg_products
11:52:33.454716 [debug]: Started rendering model akash_dbt.stg_products
11:52:33.454727 [info ]: Started seed akash_dbt_raw.raw_products
11:52:33.454732 [debug]: Started rendering seed akash_dbt_raw.raw_products
11:52:33.454741 [info ]: Started model akash_dbt.stg_orders
11:52:33.454754 [debug]: Started rendering model akash_dbt.stg_orders
11:52:33.454763 [info ]: Started seed akash_dbt_raw.raw_orders
11:52:33.454769 [debug]: Started rendering seed akash_dbt_raw.raw_orders
11:52:33.454778 [info ]: Started model akash_dbt.stg_order_items
11:52:33.454785 [debug]: Started rendering model akash_dbt.stg_order_items
11:52:33.454798 [info ]: Started seed akash_dbt_raw.raw_items
11:52:33.454804 [debug]: Started rendering seed akash_dbt_raw.raw_items
11:52:33.454827 [debug]: Finished rendering [  0.00s] seed akash_dbt_raw.raw_stores [success]
11:52:33.454840 [info ]:  Succeeded [-------] seed  akash_dbt_raw.raw_stores (table)
11:52:33.454858 [debug]: Finished rendering [  0.00s] seed akash_dbt_raw.raw_customers [success]
11:52:33.454865 [info ]:  Succeeded [-------] seed  akash_dbt_raw.raw_customers (table)
11:52:33.454879 [debug]: Finished rendering [  0.00s] seed akash_dbt_raw.raw_supplies [success]
11:52:33.454892 [info ]:  Succeeded [-------] seed  akash_dbt_raw.raw_supplies (table)
11:52:33.454904 [debug]: Finished rendering [  0.00s] seed akash_dbt_raw.raw_products [success]
11:52:33.454912 [info ]:  Succeeded [-------] seed  akash_dbt_raw.raw_products (table)
11:52:33.454921 [debug]: Finished rendering [  0.00s] seed akash_dbt_raw.raw_orders [success]
11:52:33.454928 [info ]:  Succeeded [-------] seed  akash_dbt_raw.raw_orders (table)
11:52:33.454943 [debug]: Finished rendering [  0.00s] seed akash_dbt_raw.raw_items [success]
11:52:33.454951 [info ]:  Succeeded [-------] seed  akash_dbt_raw.raw_items (table)
11:52:33.455405 [debug]: Compiled SQL for node model.jaffle_shop.stg_locations at target/.lsp/compiled/jaffle_shop/models/staging/stg_locations.sql
11:52:33.455749 [debug]: Finished rendering [  0.00s] model akash_dbt.stg_locations [success]
11:52:33.455804 [info ]: Started analyzing (12 nodes)
11:52:33.455817 [debug]: Started analyzing model akash_dbt.stg_locations
11:52:33.455822 [debug]: Compiled SQL for node model.jaffle_shop.locations at target/.lsp/compiled/jaffle_shop/models/marts/locations.sql
11:52:33.455902 [debug]: Finished rendering [  0.00s] model akash_dbt.locations [success]
11:52:33.455915 [debug]: Started analyzing model akash_dbt.locations
11:52:33.456066 [debug]: Compiled SQL for node model.jaffle_shop.customers at target/.lsp/compiled/jaffle_shop/models/marts/customers.sql
11:52:33.456178 [debug]: Compiled SQL for node model.jaffle_shop.order_items at target/.lsp/compiled/jaffle_shop/models/marts/order_items.sql
11:52:33.456282 [debug]: Compiled SQL for node model.jaffle_shop.supplies at target/.lsp/compiled/jaffle_shop/models/marts/supplies.sql
11:52:33.456331 [debug]: Finished rendering [  0.00s] model akash_dbt.customers [success]
11:52:33.456371 [debug]: Started analyzing model akash_dbt.customers
11:52:33.456433 [debug]: Compiled SQL for node model.jaffle_shop.products at target/.lsp/compiled/jaffle_shop/models/marts/products.sql
11:52:33.456530 [debug]: Finished rendering [  0.00s] model akash_dbt.order_items [success]
11:52:33.456540 [debug]: Started analyzing model akash_dbt.order_items
11:52:33.456596 [debug]: Compiled SQL for node model.jaffle_shop.orders at target/.lsp/compiled/jaffle_shop/models/marts/orders.sql
11:52:33.456670 [debug]: Compiled SQL for node model.jaffle_shop.stg_customers at target/.lsp/compiled/jaffle_shop/models/staging/stg_customers.sql
11:52:33.456685 [debug]: Compiled SQL for node model.jaffle_shop.stg_products at target/.lsp/compiled/jaffle_shop/models/staging/stg_products.sql
11:52:33.456916 [debug]: Finished rendering [  0.00s] model akash_dbt.products [success]
11:52:33.456954 [debug]: Started analyzing model akash_dbt.products
11:52:33.456971 [debug]: Finished rendering [  0.00s] model akash_dbt.supplies [success]
11:52:33.456979 [debug]: Started analyzing model akash_dbt.supplies
11:52:33.456986 [debug]: Finished rendering [  0.00s] model akash_dbt.orders [success]
11:52:33.456992 [debug]: Started analyzing model akash_dbt.orders
11:52:33.457000 [debug]: Finished rendering [  0.00s] model akash_dbt.stg_products [success]
11:52:33.457005 [debug]: Started analyzing model akash_dbt.stg_products
11:52:33.457014 [debug]: Finished rendering [  0.00s] model akash_dbt.stg_customers [success]
11:52:33.457047 [debug]: Started analyzing model akash_dbt.stg_customers
11:52:33.457355 [debug]: Finished analyzing [  0.00s] model akash_dbt.locations [success]
11:52:33.457365 [info ]:  Succeeded [  0.00s] model akash_dbt.locations (table)
11:52:33.457486 [debug]: Finished analyzing [  0.00s] model akash_dbt.products [success]
11:52:33.457492 [info ]:  Succeeded [  0.00s] model akash_dbt.products (table)
11:52:33.457581 [debug]: Finished analyzing [  0.00s] model akash_dbt.supplies [success]
11:52:33.457589 [info ]:  Succeeded [  0.00s] model akash_dbt.supplies (table)
11:52:33.457569 [debug]: Compiled SQL for node model.jaffle_shop.stg_order_items at target/.lsp/compiled/jaffle_shop/models/staging/stg_order_items.sql
11:52:33.457601 [debug]: Compiled SQL for node model.jaffle_shop.stg_orders at target/.lsp/compiled/jaffle_shop/models/staging/stg_orders.sql
11:52:33.457884 [debug]: Finished rendering [  0.00s] model akash_dbt.stg_order_items [success]
11:52:33.457949 [debug]: Started analyzing model akash_dbt.stg_order_items
11:52:33.458013 [debug]: Finished rendering [  0.00s] model akash_dbt.stg_orders [success]
11:52:33.458037 [debug]: Started analyzing model akash_dbt.stg_orders
11:52:33.458337 [debug]: Finished analyzing [  0.00s] model akash_dbt.stg_customers [success]
11:52:33.458549 [info ]:  Succeeded [  0.00s] model akash_dbt.stg_customers (view)
11:52:33.458685 [debug]: Finished analyzing [  0.00s] model akash_dbt.stg_order_items [success]
11:52:33.458706 [info ]:  Succeeded [  0.00s] model akash_dbt.stg_order_items (view)
11:52:33.459355 [debug]: Finished analyzing [  0.00s] model akash_dbt.stg_orders [success]
11:52:33.459677 [info ]:  Succeeded [  0.00s] model akash_dbt.stg_orders (view)
11:52:33.459702 [debug]: Finished analyzing [  0.00s] model akash_dbt.stg_locations [success]
11:52:33.459709 [info ]:  Succeeded [  0.00s] model akash_dbt.stg_locations (view)
11:52:33.459719 [debug]: Finished analyzing [  0.00s] model akash_dbt.stg_products [success]
11:52:33.459725 [info ]:  Succeeded [  0.00s] model akash_dbt.stg_products (view)
11:52:33.460276 [debug]: Finished analyzing [  0.00s] model akash_dbt.customers [success]
11:52:33.460302 [info ]:  Succeeded [  0.00s] model akash_dbt.customers (table)
11:52:33.460572 [debug]: Finished analyzing [  0.00s] model akash_dbt.order_items [success]
11:52:33.460605 [info ]:  Succeeded [  0.01s] model akash_dbt.order_items (table)
11:52:33.460908 [debug]: Finished analyzing [  0.00s] model akash_dbt.orders [success]
11:52:33.460918 [info ]:  Succeeded [  0.01s] model akash_dbt.orders (table)
11:52:33.461337 [debug]: Compiled SQL for node model.jaffle_shop.stg_supplies at target/.lsp/compiled/jaffle_shop/models/staging/stg_supplies.sql
11:52:33.461409 [debug]: Finished rendering [  0.01s] model akash_dbt.stg_supplies [success]
11:52:33.461420 [info ]: Finished rendering [  0.01s] (18 nodes, 0 skipped, 0 errors)
11:52:33.461434 [debug]: Started analyzing model akash_dbt.stg_supplies
11:52:33.461990 [debug]: Finished analyzing [  0.00s] model akash_dbt.stg_supplies [success]
11:52:33.461998 [info ]: Finished analyzing [  0.01s] (12 nodes, 0 skipped, 0 errors)
11:52:33.462004 [info ]:  Succeeded [  0.01s] model akash_dbt.stg_supplies (view)
11:52:33.467768 [info ]: Started scheduling
11:52:33.467825 [info ]: Finished scheduling [  0.00s]
11:52:33.468559 [info ]: Cached model count updated: 12 models (accurate)
11:53:50.918553 [info ]: Loading ~/.dbt/profiles.yml
11:53:50.945466 [info ]: Started loading project
11:53:50.945983 [info ]: Loading ~/.dbt/profiles.yml
11:53:50.953654 [info ]: Started loading project
11:53:50.954018 [info ]: Loading ~/.dbt/profiles.yml
11:53:50.954038 [info ]: Finished loading project [  0.01s]
11:53:51.123645 [info ]:    Started resolving packages from packages.yml
11:53:51.551503 [info ]: Loading ~/.dbt/profiles.yml
11:53:52.053690 [info ]: Loading ~/.dbt/profiles.yml
11:53:52.903323 [info ]:     Failed [  1.78s] resolving packages from packages.yml (error: Operation cancelled)
11:53:52.903467 [info ]: Finished loading project [  1.95s]
11:53:52.907306 [info ]: Waiting for lease on 'target' directory
11:53:53.013078 [info ]: Started loading project
11:53:53.013313 [info ]: Loading ~/.dbt/profiles.yml
11:53:53.163619 [info ]:    Started resolving packages from packages.yml
11:53:53.691772 [info ]:   Finished [  0.53s] resolving packages from packages.yml (1 items)
11:53:53.692338 [debug]:    Started loading packages
11:53:53.719666 [debug]:     Loaded [  0.03s] packages
11:53:53.735444 [info ]: Finished loading project [  0.72s]
11:53:53.735785 [info ]: Started parsing
11:53:53.788386 [debug]: Finished parsing models/marts/customers.yml [  0.00s]
11:53:53.788757 [debug]: Finished parsing models/marts/order_items.yml [  0.00s]
11:53:53.789590 [debug]: Finished parsing models/marts/orders.yml [  0.00s]
11:53:53.789777 [debug]: Finished parsing models/staging/__sources.yml [  0.00s]
11:53:53.789884 [debug]: Finished parsing models/staging/stg_customers.yml [  0.00s]
11:53:53.790042 [debug]: Finished parsing models/staging/stg_locations.yml [  0.00s]
11:53:53.790144 [debug]: Finished parsing models/staging/stg_order_items.yml [  0.00s]
11:53:53.790235 [debug]: Finished parsing models/staging/stg_orders.yml [  0.00s]
11:53:53.790314 [debug]: Finished parsing models/staging/stg_products.yml [  0.00s]
11:53:53.790398 [debug]: Finished parsing models/staging/stg_supplies.yml [  0.00s]
11:53:53.793790 [debug]: Finished parsing models/marts/customers.sql [  0.00s]
11:53:53.794016 [debug]: Finished parsing models/marts/locations.sql [  0.00s]
11:53:53.794358 [debug]: Finished parsing models/marts/order_items.sql [  0.00s]
11:53:53.794576 [debug]: Finished parsing models/marts/orders.sql [  0.00s]
11:53:53.794806 [debug]: Finished parsing models/marts/products.sql [  0.00s]
11:53:53.794994 [debug]: Finished parsing models/marts/supplies.sql [  0.00s]
11:53:53.795279 [debug]: Finished parsing models/staging/stg_customers.sql [  0.00s]
11:53:53.795548 [debug]: Finished parsing models/staging/stg_locations.sql [  0.00s]
11:53:53.795777 [debug]: Finished parsing models/staging/stg_order_items.sql [  0.00s]
11:53:53.796121 [debug]: Finished parsing models/staging/stg_orders.sql [  0.00s]
11:53:53.796384 [debug]: Finished parsing models/staging/stg_products.sql [  0.00s]
11:53:53.796879 [debug]: Finished parsing models/staging/stg_supplies.sql [  0.00s]
11:53:53.802877 [info ]: Finished parsing [  0.07s]
11:53:53.803081 [info ]: Cached model count updated: 12 models (estimate)
11:53:53.803090 [info ]: Cached model count updated: 12 models (accurate)
11:53:53.803125 [info ]: Started scheduling
11:53:53.803165 [info ]: Finished scheduling [  0.00s]
11:53:53.803172 [debug]: Compilation - 0 nodes selected: {}
11:53:53.803183 [warn ]: [NoNodesForSelectionCriteria (dbt1092)]: The selection criterion '' does not match any enabled nodes
11:53:53.803194 [warn ]: [NoNodesSelected (dbt1601)]: Nothing to do. Try checking your model configs and model specification args
11:53:53.803200 [info ]: Started scheduling
11:53:53.803316 [info ]: Finished scheduling [  0.00s]
11:53:53.804181 [debug]: License check failed: Feature not licensed: 'lineage'
11:53:53.834519 [info ]: Started building task graph
11:53:53.834542 [info ]: Finished building task graph [  0.00s]
11:53:53.840574 [info ]: Started scheduling
11:53:53.840638 [info ]: Finished scheduling [  0.00s]
11:53:53.841058 [info ]: Cached model count updated: 12 models (accurate)
11:53:55.029789 [info ]: Started loading project
11:53:55.030405 [info ]: Loading ~/.dbt/profiles.yml
11:53:55.078728 [info ]: Cached model count updated: 12 models (estimate)
11:53:55.078755 [info ]: Cached model count updated: 12 models (accurate)
11:53:55.078822 [info ]: Started scheduling
11:53:55.079033 [info ]: Finished scheduling [  0.00s]
11:53:55.079048 [debug]: Compilation - 18 nodes selected: {"model.jaffle_shop.customers", "model.jaffle_shop.locations", "model.jaffle_shop.order_items", "model.jaffle_shop.orders", "model.jaffle_shop.products", "model.jaffle_shop.stg_customers", "model.jaffle_shop.stg_locations", "model.jaffle_shop.stg_order_items", "model.jaffle_shop.stg_orders", "model.jaffle_shop.stg_products", "model.jaffle_shop.stg_supplies", "model.jaffle_shop.supplies", "seed.jaffle_shop.raw_customers", "seed.jaffle_shop.raw_items", "seed.jaffle_shop.raw_orders", "seed.jaffle_shop.raw_products", "seed.jaffle_shop.raw_stores", "seed.jaffle_shop.raw_supplies"}
11:53:55.080018 [debug]: License check failed: Feature not licensed: 'lineage'
11:53:55.116467 [info ]: Started building task graph
11:53:55.116572 [info ]: Finished building task graph [  0.00s]
11:53:55.116673 [info ]: Finished loading project [  0.09s]
11:53:55.119999 [info ]: Started rendering (18 nodes)
11:53:55.120014 [info ]: Started model akash_dbt.supplies
11:53:55.120022 [debug]: Started rendering model akash_dbt.supplies
11:53:55.120039 [info ]: Started model akash_dbt.products
11:53:55.120051 [debug]: Started rendering model akash_dbt.products
11:53:55.120059 [info ]: Started model akash_dbt.locations
11:53:55.120065 [debug]: Started rendering model akash_dbt.locations
11:53:55.120076 [info ]: Started model akash_dbt.stg_locations
11:53:55.120084 [debug]: Started rendering model akash_dbt.stg_locations
11:53:55.120093 [info ]: Started seed akash_dbt_raw.raw_stores
11:53:55.120101 [debug]: Started rendering seed akash_dbt_raw.raw_stores
11:53:55.120109 [info ]: Started model akash_dbt.customers
11:53:55.120115 [debug]: Started rendering model akash_dbt.customers
11:53:55.120122 [info ]: Started model akash_dbt.stg_customers
11:53:55.120130 [debug]: Started rendering model akash_dbt.stg_customers
11:53:55.120139 [info ]: Started seed akash_dbt_raw.raw_customers
11:53:55.120144 [debug]: Started rendering seed akash_dbt_raw.raw_customers
11:53:55.120153 [info ]: Started model akash_dbt.orders
11:53:55.120158 [debug]: Started rendering model akash_dbt.orders
11:53:55.120168 [info ]: Started model akash_dbt.order_items
11:53:55.120173 [debug]: Started rendering model akash_dbt.order_items
11:53:55.120181 [info ]: Started model akash_dbt.stg_supplies
11:53:55.120186 [debug]: Started rendering model akash_dbt.stg_supplies
11:53:55.120194 [info ]: Started seed akash_dbt_raw.raw_supplies
11:53:55.120201 [debug]: Started rendering seed akash_dbt_raw.raw_supplies
11:53:55.120208 [info ]: Started model akash_dbt.stg_products
11:53:55.120213 [debug]: Started rendering model akash_dbt.stg_products
11:53:55.120221 [info ]: Started seed akash_dbt_raw.raw_products
11:53:55.120228 [debug]: Started rendering seed akash_dbt_raw.raw_products
11:53:55.120239 [info ]: Started model akash_dbt.stg_orders
11:53:55.120244 [debug]: Started rendering model akash_dbt.stg_orders
11:53:55.120252 [info ]: Started seed akash_dbt_raw.raw_orders
11:53:55.120257 [debug]: Started rendering seed akash_dbt_raw.raw_orders
11:53:55.120264 [info ]: Started model akash_dbt.stg_order_items
11:53:55.120269 [debug]: Started rendering model akash_dbt.stg_order_items
11:53:55.120276 [info ]: Started seed akash_dbt_raw.raw_items
11:53:55.120282 [debug]: Started rendering seed akash_dbt_raw.raw_items
11:53:55.120297 [debug]: Finished rendering [  0.00s] seed akash_dbt_raw.raw_stores [success]
11:53:55.120307 [info ]:  Succeeded [-------] seed  akash_dbt_raw.raw_stores (table)
11:53:55.120319 [debug]: Finished rendering [  0.00s] seed akash_dbt_raw.raw_customers [success]
11:53:55.120325 [info ]:  Succeeded [-------] seed  akash_dbt_raw.raw_customers (table)
11:53:55.120410 [debug]: Finished rendering [  0.00s] seed akash_dbt_raw.raw_supplies [success]
11:53:55.120447 [info ]:  Succeeded [-------] seed  akash_dbt_raw.raw_supplies (table)
11:53:55.120549 [debug]: Finished rendering [  0.00s] seed akash_dbt_raw.raw_orders [success]
11:53:55.120571 [info ]:  Succeeded [-------] seed  akash_dbt_raw.raw_orders (table)
11:53:55.120605 [debug]: Finished rendering [  0.00s] seed akash_dbt_raw.raw_items [success]
11:53:55.120681 [info ]:  Succeeded [-------] seed  akash_dbt_raw.raw_items (table)
11:53:55.120731 [debug]: Finished rendering [  0.00s] seed akash_dbt_raw.raw_products [success]
11:53:55.120767 [info ]:  Succeeded [-------] seed  akash_dbt_raw.raw_products (table)
11:53:55.120875 [debug]: Compiled SQL for node model.jaffle_shop.supplies at target/.lsp/compiled/jaffle_shop/models/marts/supplies.sql
11:53:55.120989 [debug]: Finished rendering [  0.00s] model akash_dbt.supplies [success]
11:53:55.121004 [info ]: Started analyzing (12 nodes)
11:53:55.121008 [debug]: Started analyzing model akash_dbt.supplies
11:53:55.121060 [debug]: Compiled SQL for node model.jaffle_shop.stg_locations at target/.lsp/compiled/jaffle_shop/models/staging/stg_locations.sql
11:53:55.121147 [debug]: Compiled SQL for node model.jaffle_shop.products at target/.lsp/compiled/jaffle_shop/models/marts/products.sql
11:53:55.121194 [debug]: Compiled SQL for node model.jaffle_shop.stg_customers at target/.lsp/compiled/jaffle_shop/models/staging/stg_customers.sql
11:53:55.121270 [debug]: Compiled SQL for node model.jaffle_shop.locations at target/.lsp/compiled/jaffle_shop/models/marts/locations.sql
11:53:55.121296 [debug]: Finished analyzing [  0.00s] model akash_dbt.supplies [success]
11:53:55.121304 [info ]:  Succeeded [-------] model akash_dbt.supplies (table)
11:53:55.121325 [debug]: Started analyzing model akash_dbt.stg_locations
11:53:55.121351 [debug]: Finished rendering [  0.00s] model akash_dbt.stg_locations [success]
11:53:55.121532 [debug]: Compiled SQL for node model.jaffle_shop.order_items at target/.lsp/compiled/jaffle_shop/models/marts/order_items.sql
11:53:55.121607 [debug]: Finished rendering [  0.00s] model akash_dbt.products [success]
11:53:55.121621 [debug]: Compiled SQL for node model.jaffle_shop.customers at target/.lsp/compiled/jaffle_shop/models/marts/customers.sql
11:53:55.121659 [debug]: Started analyzing model akash_dbt.products
11:53:55.121669 [debug]: Compiled SQL for node model.jaffle_shop.stg_order_items at target/.lsp/compiled/jaffle_shop/models/staging/stg_order_items.sql
11:53:55.121704 [debug]: Finished rendering [  0.00s] model akash_dbt.stg_customers [success]
11:53:55.121714 [debug]: Started analyzing model akash_dbt.stg_customers
11:53:55.121723 [debug]: Finished rendering [  0.00s] model akash_dbt.locations [success]
11:53:55.121729 [debug]: Started analyzing model akash_dbt.locations
11:53:55.121737 [debug]: Finished rendering [  0.00s] model akash_dbt.order_items [success]
11:53:55.121743 [debug]: Started analyzing model akash_dbt.order_items
11:53:55.121750 [debug]: Finished rendering [  0.00s] model akash_dbt.customers [success]
11:53:55.121757 [debug]: Started analyzing model akash_dbt.customers
11:53:55.121765 [debug]: Finished analyzing [  0.00s] model akash_dbt.stg_locations [success]
11:53:55.121771 [info ]:  Succeeded [  0.00s] model akash_dbt.stg_locations (view)
11:53:55.121781 [debug]: Finished analyzing [  0.00s] model akash_dbt.products [success]
11:53:55.121787 [info ]:  Succeeded [  0.00s] model akash_dbt.products (table)
11:53:55.121821 [debug]: Finished analyzing [  0.00s] model akash_dbt.stg_customers [success]
11:53:55.121844 [info ]:  Succeeded [  0.00s] model akash_dbt.stg_customers (view)
11:53:55.121854 [debug]: Compiled SQL for node model.jaffle_shop.orders at target/.lsp/compiled/jaffle_shop/models/marts/orders.sql
11:53:55.121887 [debug]: Finished rendering [  0.00s] model akash_dbt.stg_order_items [success]
11:53:55.121895 [debug]: Started analyzing model akash_dbt.stg_order_items
11:53:55.121901 [debug]: Finished analyzing [  0.00s] model akash_dbt.locations [success]
11:53:55.121921 [info ]:  Succeeded [  0.00s] model akash_dbt.locations (table)
11:53:55.121982 [debug]: Finished analyzing [  0.00s] model akash_dbt.stg_order_items [success]
11:53:55.121991 [info ]:  Succeeded [  0.00s] model akash_dbt.stg_order_items (view)
11:53:55.122077 [debug]: Finished rendering [  0.00s] model akash_dbt.orders [success]
11:53:55.122131 [debug]: Started analyzing model akash_dbt.orders
11:53:55.122505 [debug]: Compiled SQL for node model.jaffle_shop.stg_products at target/.lsp/compiled/jaffle_shop/models/staging/stg_products.sql
11:53:55.122598 [debug]: Compiled SQL for node model.jaffle_shop.stg_orders at target/.lsp/compiled/jaffle_shop/models/staging/stg_orders.sql
11:53:55.122618 [debug]: Compiled SQL for node model.jaffle_shop.stg_supplies at target/.lsp/compiled/jaffle_shop/models/staging/stg_supplies.sql
11:53:55.122673 [debug]: Finished rendering [  0.00s] model akash_dbt.stg_products [success]
11:53:55.122686 [debug]: Started analyzing model akash_dbt.stg_products
11:53:55.122736 [debug]: Finished rendering [  0.00s] model akash_dbt.stg_orders [success]
11:53:55.122763 [debug]: Started analyzing model akash_dbt.stg_orders
11:53:55.122790 [debug]: Finished rendering [  0.00s] model akash_dbt.stg_supplies [success]
11:53:55.122806 [info ]: Finished rendering [  0.00s] (18 nodes, 0 skipped, 0 errors)
11:53:55.122821 [debug]: Started analyzing model akash_dbt.stg_supplies
11:53:55.122901 [debug]: Finished analyzing [  0.00s] model akash_dbt.stg_products [success]
11:53:55.122908 [info ]:  Succeeded [  0.00s] model akash_dbt.stg_products (view)
11:53:55.122951 [debug]: Finished analyzing [  0.00s] model akash_dbt.customers [success]
11:53:55.122957 [info ]:  Succeeded [  0.00s] model akash_dbt.customers (table)
11:53:55.123002 [debug]: Finished analyzing [  0.00s] model akash_dbt.stg_orders [success]
11:53:55.123010 [info ]:  Succeeded [  0.00s] model akash_dbt.stg_orders (view)
11:53:55.123118 [debug]: Finished analyzing [  0.00s] model akash_dbt.stg_supplies [success]
11:53:55.123125 [info ]:  Succeeded [  0.00s] model akash_dbt.stg_supplies (view)
11:53:55.123194 [debug]: Finished analyzing [  0.00s] model akash_dbt.order_items [success]
11:53:55.123204 [info ]:  Succeeded [  0.00s] model akash_dbt.order_items (table)
11:53:55.123235 [debug]: Finished analyzing [  0.00s] model akash_dbt.orders [success]
11:53:55.123244 [info ]: Finished analyzing [  0.00s] (12 nodes, 0 skipped, 0 errors)
11:53:55.123250 [info ]:  Succeeded [  0.00s] model akash_dbt.orders (table)
11:53:55.128702 [info ]: Started scheduling
11:53:55.128749 [info ]: Finished scheduling [  0.00s]
11:53:55.129272 [info ]: Cached model count updated: 12 models (accurate)
11:54:03.872065 [info ]: Loading ~/.dbt/profiles.yml
11:54:03.882109 [info ]: Started loading project
11:54:03.882388 [info ]: Loading ~/.dbt/profiles.yml
11:54:03.885359 [info ]: Started loading project
11:54:03.885525 [info ]: Loading ~/.dbt/profiles.yml
11:54:03.885539 [info ]: Finished loading project [  0.00s]
11:54:04.038660 [info ]:    Started resolving packages from packages.yml
11:54:04.203495 [info ]: Loading ~/.dbt/profiles.yml
11:54:04.447347 [info ]:     Failed [  0.41s] resolving packages from packages.yml (error: Operation cancelled)
11:54:04.447501 [info ]: Finished loading project [  0.56s]
11:54:04.451411 [info ]: Waiting for lease on 'target' directory
11:54:04.964227 [info ]: Started loading project
11:54:04.964458 [info ]: Loading ~/.dbt/profiles.yml
11:54:05.115929 [info ]:    Started resolving packages from packages.yml
11:54:05.296305 [info ]:   Finished [  0.18s] resolving packages from packages.yml (1 items)
11:54:05.296581 [debug]:    Started loading packages
11:54:05.300109 [debug]:     Loaded [  0.00s] packages
11:54:05.301431 [info ]: Finished loading project [  0.34s]
11:54:05.301887 [info ]: Started parsing
11:54:05.351563 [error]: [SerializationError (dbt1013)]: Invalid model definition `jaffle_shop`: models.jaffle_shop.+static_analysis: unknown variant `strict1`, expected one of `unsafe`, `off`, `strict`, `baseline`, `on` at line 19 column 23
  --> dbt_project.yml:19:23
11:54:05.356508 [debug]: Finished parsing models/marts/customers.yml [  0.00s]
11:54:05.356771 [debug]: Finished parsing models/marts/order_items.yml [  0.00s]
11:54:05.357016 [debug]: Finished parsing models/marts/orders.yml [  0.00s]
11:54:05.357190 [debug]: Finished parsing models/staging/__sources.yml [  0.00s]
11:54:05.358425 [debug]: Finished parsing models/staging/stg_customers.yml [  0.00s]
11:54:05.358748 [debug]: Finished parsing models/staging/stg_locations.yml [  0.00s]
11:54:05.359041 [debug]: Finished parsing models/staging/stg_order_items.yml [  0.00s]
11:54:05.359283 [debug]: Finished parsing models/staging/stg_orders.yml [  0.00s]
11:54:05.359923 [debug]: Finished parsing models/staging/stg_products.yml [  0.00s]
11:54:05.360327 [debug]: Finished parsing models/staging/stg_supplies.yml [  0.00s]
11:54:05.369547 [debug]: Finished parsing models/marts/customers.sql [  0.00s]
11:54:05.370562 [debug]: Finished parsing models/marts/locations.sql [  0.00s]
11:54:05.371269 [debug]: Finished parsing models/marts/order_items.sql [  0.00s]
11:54:05.371887 [debug]: Finished parsing models/marts/orders.sql [  0.00s]
11:54:05.372528 [debug]: Finished parsing models/marts/products.sql [  0.00s]
11:54:05.373038 [debug]: Finished parsing models/marts/supplies.sql [  0.00s]
11:54:05.373498 [debug]: Finished parsing models/staging/stg_customers.sql [  0.00s]
11:54:05.374094 [debug]: Finished parsing models/staging/stg_locations.sql [  0.00s]
11:54:05.374581 [debug]: Finished parsing models/staging/stg_order_items.sql [  0.00s]
11:54:05.375074 [debug]: Finished parsing models/staging/stg_orders.sql [  0.00s]
11:54:05.375562 [debug]: Finished parsing models/staging/stg_products.sql [  0.00s]
11:54:05.377245 [debug]: Finished parsing models/staging/stg_supplies.sql [  0.00s]
11:54:05.389911 [info ]: Finished parsing [  0.09s]
11:54:05.390136 [info ]: Cached model count updated: 12 models (estimate)
11:54:05.390148 [info ]: Cached model count updated: 12 models (accurate)
11:54:05.390190 [info ]: Started scheduling
11:54:05.390241 [info ]: Finished scheduling [  0.00s]
11:54:05.390259 [debug]: Compilation - 0 nodes selected: {}
11:54:05.390274 [warn ]: [NoNodesForSelectionCriteria (dbt1092)]: The selection criterion '' does not match any enabled nodes
11:54:05.390285 [warn ]: [NoNodesSelected (dbt1601)]: Nothing to do. Try checking your model configs and model specification args
11:54:05.390290 [info ]: Started scheduling
11:54:05.390412 [info ]: Finished scheduling [  0.00s]
11:54:05.391317 [debug]: License check failed: Feature not licensed: 'lineage'
11:54:05.448108 [info ]: Started building task graph
11:54:05.448136 [info ]: Finished building task graph [  0.00s]
11:54:05.457958 [info ]: Started scheduling
11:54:05.458179 [info ]: Finished scheduling [  0.00s]
11:54:05.459298 [info ]: Cached model count updated: 12 models (accurate)
11:54:06.650484 [info ]: Started loading project
11:54:06.650776 [info ]: Loading ~/.dbt/profiles.yml
11:54:06.680922 [info ]: Cached model count updated: 12 models (estimate)
11:54:06.680953 [info ]: Cached model count updated: 12 models (accurate)
11:54:06.681023 [info ]: Started scheduling
11:54:06.681166 [info ]: Finished scheduling [  0.00s]
11:54:06.681178 [debug]: Compilation - 18 nodes selected: {"model.jaffle_shop.customers", "model.jaffle_shop.locations", "model.jaffle_shop.order_items", "model.jaffle_shop.orders", "model.jaffle_shop.products", "model.jaffle_shop.stg_customers", "model.jaffle_shop.stg_locations", "model.jaffle_shop.stg_order_items", "model.jaffle_shop.stg_orders", "model.jaffle_shop.stg_products", "model.jaffle_shop.stg_supplies", "model.jaffle_shop.supplies", "seed.jaffle_shop.raw_customers", "seed.jaffle_shop.raw_items", "seed.jaffle_shop.raw_orders", "seed.jaffle_shop.raw_products", "seed.jaffle_shop.raw_stores", "seed.jaffle_shop.raw_supplies"}
11:54:06.681976 [debug]: License check failed: Feature not licensed: 'lineage'
11:54:06.713361 [info ]: Started building task graph
11:54:06.713466 [info ]: Finished building task graph [  0.00s]
11:54:06.713555 [info ]: Finished loading project [  0.06s]
11:54:06.716238 [info ]: Started rendering (18 nodes)
11:54:06.716257 [info ]: Started model akash_dbt.supplies
11:54:06.716266 [debug]: Started rendering model akash_dbt.supplies
11:54:06.716279 [info ]: Started model akash_dbt.products
11:54:06.716286 [debug]: Started rendering model akash_dbt.products
11:54:06.716295 [info ]: Started model akash_dbt.locations
11:54:06.716303 [debug]: Started rendering model akash_dbt.locations
11:54:06.716311 [info ]: Started model akash_dbt.stg_locations
11:54:06.716319 [debug]: Started rendering model akash_dbt.stg_locations
11:54:06.716328 [info ]: Started seed akash_dbt_raw.raw_stores
11:54:06.716340 [debug]: Started rendering seed akash_dbt_raw.raw_stores
11:54:06.716361 [info ]: Started model akash_dbt.customers
11:54:06.716366 [debug]: Started rendering model akash_dbt.customers
11:54:06.716374 [info ]: Started model akash_dbt.stg_customers
11:54:06.716378 [debug]: Started rendering model akash_dbt.stg_customers
11:54:06.716385 [info ]: Started seed akash_dbt_raw.raw_customers
11:54:06.716390 [debug]: Started rendering seed akash_dbt_raw.raw_customers
11:54:06.716398 [info ]: Started model akash_dbt.orders
11:54:06.716403 [debug]: Started rendering model akash_dbt.orders
11:54:06.716410 [info ]: Started model akash_dbt.order_items
11:54:06.716415 [debug]: Started rendering model akash_dbt.order_items
11:54:06.716423 [info ]: Started model akash_dbt.stg_supplies
11:54:06.716427 [debug]: Started rendering model akash_dbt.stg_supplies
11:54:06.716434 [info ]: Started seed akash_dbt_raw.raw_supplies
11:54:06.716463 [debug]: Started rendering seed akash_dbt_raw.raw_supplies
11:54:06.716475 [info ]: Started model akash_dbt.stg_products
11:54:06.716480 [debug]: Started rendering model akash_dbt.stg_products
11:54:06.716487 [info ]: Started seed akash_dbt_raw.raw_products
11:54:06.716492 [debug]: Started rendering seed akash_dbt_raw.raw_products
11:54:06.716500 [info ]: Started model akash_dbt.stg_orders
11:54:06.716506 [debug]: Started rendering model akash_dbt.stg_orders
11:54:06.716514 [info ]: Started seed akash_dbt_raw.raw_orders
11:54:06.716519 [debug]: Started rendering seed akash_dbt_raw.raw_orders
11:54:06.716526 [info ]: Started model akash_dbt.stg_order_items
11:54:06.716531 [debug]: Started rendering model akash_dbt.stg_order_items
11:54:06.716538 [info ]: Started seed akash_dbt_raw.raw_items
11:54:06.716542 [debug]: Started rendering seed akash_dbt_raw.raw_items
11:54:06.716558 [debug]: Finished rendering [  0.00s] seed akash_dbt_raw.raw_customers [success]
11:54:06.716571 [info ]:  Succeeded [-------] seed  akash_dbt_raw.raw_customers (table)
11:54:06.716586 [debug]: Finished rendering [  0.00s] seed akash_dbt_raw.raw_stores [success]
11:54:06.716593 [info ]:  Succeeded [-------] seed  akash_dbt_raw.raw_stores (table)
11:54:06.716631 [debug]: Finished rendering [  0.00s] seed akash_dbt_raw.raw_supplies [success]
11:54:06.716638 [info ]:  Succeeded [-------] seed  akash_dbt_raw.raw_supplies (table)
11:54:06.716655 [debug]: Finished rendering [  0.00s] seed akash_dbt_raw.raw_products [success]
11:54:06.716661 [info ]:  Succeeded [-------] seed  akash_dbt_raw.raw_products (table)
11:54:06.716675 [debug]: Finished rendering [  0.00s] seed akash_dbt_raw.raw_orders [success]
11:54:06.716680 [info ]:  Succeeded [-------] seed  akash_dbt_raw.raw_orders (table)
11:54:06.716693 [debug]: Finished rendering [  0.00s] seed akash_dbt_raw.raw_items [success]
11:54:06.716698 [info ]:  Succeeded [-------] seed  akash_dbt_raw.raw_items (table)
11:54:06.716809 [debug]: Compiled SQL for node model.jaffle_shop.supplies at target/.lsp/compiled/jaffle_shop/models/marts/supplies.sql
11:54:06.717027 [debug]: Compiled SQL for node model.jaffle_shop.customers at target/.lsp/compiled/jaffle_shop/models/marts/customers.sql
11:54:06.717139 [debug]: Compiled SQL for node model.jaffle_shop.stg_customers at target/.lsp/compiled/jaffle_shop/models/staging/stg_customers.sql
11:54:06.717031 [debug]: Finished rendering [  0.00s] model akash_dbt.supplies [success]
11:54:06.717203 [info ]: Started analyzing (12 nodes)
11:54:06.717230 [debug]: Started analyzing model akash_dbt.supplies
11:54:06.717235 [debug]: Compiled SQL for node model.jaffle_shop.order_items at target/.lsp/compiled/jaffle_shop/models/marts/order_items.sql
11:54:06.717658 [debug]: Compiled SQL for node model.jaffle_shop.stg_locations at target/.lsp/compiled/jaffle_shop/models/staging/stg_locations.sql
11:54:06.717778 [debug]: Compiled SQL for node model.jaffle_shop.locations at target/.lsp/compiled/jaffle_shop/models/marts/locations.sql
11:54:06.717884 [debug]: Compiled SQL for node model.jaffle_shop.stg_order_items at target/.lsp/compiled/jaffle_shop/models/staging/stg_order_items.sql
11:54:06.717920 [debug]: Compiled SQL for node model.jaffle_shop.products at target/.lsp/compiled/jaffle_shop/models/marts/products.sql
11:54:06.718113 [debug]: Compiled SQL for node model.jaffle_shop.stg_orders at target/.lsp/compiled/jaffle_shop/models/staging/stg_orders.sql
11:54:06.718143 [debug]: Compiled SQL for node model.jaffle_shop.orders at target/.lsp/compiled/jaffle_shop/models/marts/orders.sql
11:54:06.718157 [debug]: Finished rendering [  0.00s] model akash_dbt.stg_customers [success]
11:54:06.718226 [debug]: Started analyzing model akash_dbt.stg_customers
11:54:06.718346 [debug]: Finished analyzing [  0.00s] model akash_dbt.supplies [success]
11:54:06.718366 [info ]:  Succeeded [  0.00s] model akash_dbt.supplies (view)
11:54:06.718382 [debug]: Finished rendering [  0.00s] model akash_dbt.customers [success]
11:54:06.718392 [debug]: Started analyzing model akash_dbt.customers
11:54:06.718403 [debug]: Finished rendering [  0.00s] model akash_dbt.order_items [success]
11:54:06.718409 [debug]: Compiled SQL for node model.jaffle_shop.stg_products at target/.lsp/compiled/jaffle_shop/models/staging/stg_products.sql
11:54:06.718411 [debug]: Started analyzing model akash_dbt.order_items
11:54:06.718417 [debug]: Finished rendering [  0.00s] model akash_dbt.stg_locations [success]
11:54:06.718423 [debug]: Started analyzing model akash_dbt.stg_locations
11:54:06.718433 [debug]: Finished rendering [  0.00s] model akash_dbt.stg_order_items [success]
11:54:06.718441 [debug]: Started analyzing model akash_dbt.stg_order_items
11:54:06.718500 [debug]: Finished rendering [  0.00s] model akash_dbt.locations [success]
11:54:06.718508 [debug]: Started analyzing model akash_dbt.locations
11:54:06.718523 [debug]: Finished rendering [  0.00s] model akash_dbt.products [success]
11:54:06.718531 [debug]: Started analyzing model akash_dbt.products
11:54:06.718541 [debug]: Finished rendering [  0.00s] model akash_dbt.stg_orders [success]
11:54:06.718547 [debug]: Started analyzing model akash_dbt.stg_orders
11:54:06.718554 [debug]: Finished rendering [  0.00s] model akash_dbt.orders [success]
11:54:06.718560 [debug]: Started analyzing model akash_dbt.orders
11:54:06.718567 [debug]: Finished rendering [  0.00s] model akash_dbt.stg_products [success]
11:54:06.718573 [debug]: Started analyzing model akash_dbt.stg_products
11:54:06.718604 [debug]: Finished analyzing [  0.00s] model akash_dbt.stg_customers [success]
11:54:06.718612 [info ]:  Succeeded [  0.00s] model akash_dbt.stg_customers (view)
11:54:06.718670 [debug]: Finished analyzing [  0.00s] model akash_dbt.stg_order_items [success]
11:54:06.718679 [info ]:  Succeeded [  0.00s] model akash_dbt.stg_order_items (view)
11:54:06.718694 [debug]: Finished analyzing [  0.00s] model akash_dbt.locations [success]
11:54:06.718700 [info ]:  Succeeded [  0.00s] model akash_dbt.locations (view)
11:54:06.718735 [debug]: Finished analyzing [  0.00s] model akash_dbt.products [success]
11:54:06.718741 [info ]:  Succeeded [  0.00s] model akash_dbt.products (view)
11:54:06.718984 [debug]: Finished analyzing [  0.00s] model akash_dbt.stg_orders [success]
11:54:06.718992 [info ]:  Succeeded [  0.00s] model akash_dbt.stg_orders (view)
11:54:06.719008 [debug]: Finished analyzing [  0.00s] model akash_dbt.stg_locations [success]
11:54:06.719014 [info ]:  Succeeded [  0.00s] model akash_dbt.stg_locations (view)
11:54:06.719077 [debug]: Finished analyzing [  0.00s] model akash_dbt.stg_products [success]
11:54:06.719086 [info ]:  Succeeded [  0.00s] model akash_dbt.stg_products (view)
11:54:06.719455 [debug]: Finished analyzing [  0.00s] model akash_dbt.order_items [success]
11:54:06.719464 [info ]:  Succeeded [  0.00s] model akash_dbt.order_items (view)
11:54:06.719672 [debug]: Finished analyzing [  0.00s] model akash_dbt.customers [success]
11:54:06.719681 [info ]:  Succeeded [  0.00s] model akash_dbt.customers (view)
11:54:06.719883 [debug]: Finished analyzing [  0.00s] model akash_dbt.orders [success]
11:54:06.719893 [info ]:  Succeeded [  0.00s] model akash_dbt.orders (view)
11:54:06.721302 [debug]: Compiled SQL for node model.jaffle_shop.stg_supplies at target/.lsp/compiled/jaffle_shop/models/staging/stg_supplies.sql
11:54:06.721437 [debug]: Finished rendering [  0.01s] model akash_dbt.stg_supplies [success]
11:54:06.721473 [info ]: Finished rendering [  0.01s] (18 nodes, 0 skipped, 0 errors)
11:54:06.721540 [debug]: Started analyzing model akash_dbt.stg_supplies
11:54:06.721863 [debug]: Finished analyzing [  0.00s] model akash_dbt.stg_supplies [success]
11:54:06.721872 [info ]: Finished analyzing [  0.00s] (12 nodes, 0 skipped, 0 errors)
11:54:06.721879 [info ]:  Succeeded [  0.00s] model akash_dbt.stg_supplies (view)
11:54:06.727104 [info ]: Started scheduling
11:54:06.727168 [info ]: Finished scheduling [  0.00s]
11:54:06.727848 [info ]: Cached model count updated: 12 models (accurate)
11:57:12.721152 [info ]: Loading ~/.dbt/profiles.yml
11:57:12.765088 [info ]: Started loading project
11:57:12.770200 [info ]: Loading ~/.dbt/profiles.yml
11:57:12.782169 [info ]: Started loading project
11:57:12.782314 [info ]: Loading ~/.dbt/profiles.yml
11:57:12.782325 [info ]: Finished loading project [  0.02s]
11:57:12.950195 [info ]:    Started resolving packages from packages.yml
11:57:13.054194 [info ]:   Finished [  0.10s] resolving packages from packages.yml (1 items)
11:57:13.055775 [debug]:    Started loading packages
11:57:13.060731 [debug]:     Loaded [  0.00s] packages
11:57:13.061488 [info ]: Finished loading project [  0.28s]
11:57:13.063252 [info ]: Started parsing
11:57:13.125904 [debug]: Finished parsing models/marts/customers.yml [  0.00s]
11:57:13.126261 [debug]: Finished parsing models/marts/order_items.yml [  0.00s]
11:57:13.126637 [debug]: Finished parsing models/marts/orders.yml [  0.00s]
11:57:13.127857 [debug]: Finished parsing models/staging/__sources.yml [  0.00s]
11:57:13.127970 [debug]: Finished parsing models/staging/stg_customers.yml [  0.00s]
11:57:13.128118 [debug]: Finished parsing models/staging/stg_locations.yml [  0.00s]
11:57:13.128216 [debug]: Finished parsing models/staging/stg_order_items.yml [  0.00s]
11:57:13.128305 [debug]: Finished parsing models/staging/stg_orders.yml [  0.00s]
11:57:13.128381 [debug]: Finished parsing models/staging/stg_products.yml [  0.00s]
11:57:13.128458 [debug]: Finished parsing models/staging/stg_supplies.yml [  0.00s]
11:57:13.142046 [debug]: Finished parsing models/marts/customers.sql [  0.00s]
11:57:13.142434 [debug]: Finished parsing models/marts/locations.sql [  0.00s]
11:57:13.143561 [debug]: Finished parsing models/marts/order_items.sql [  0.00s]
11:57:13.143845 [debug]: Finished parsing models/marts/orders.sql [  0.00s]
11:57:13.144059 [debug]: Finished parsing models/marts/products.sql [  0.00s]
11:57:13.144273 [debug]: Finished parsing models/marts/supplies.sql [  0.00s]
11:57:13.144637 [debug]: Finished parsing models/staging/stg_customers.sql [  0.00s]
11:57:13.144890 [debug]: Finished parsing models/staging/stg_locations.sql [  0.00s]
11:57:13.145230 [debug]: Finished parsing models/staging/stg_order_items.sql [  0.00s]
11:57:13.146035 [debug]: Finished parsing models/staging/stg_orders.sql [  0.00s]
11:57:13.146301 [debug]: Finished parsing models/staging/stg_products.sql [  0.00s]
11:57:13.147767 [debug]: Finished parsing models/staging/stg_supplies.sql [  0.00s]
11:57:13.156781 [info ]: Finished parsing [  0.09s]
11:57:13.157967 [info ]: Cached model count updated: 12 models (estimate)
11:57:13.158017 [info ]: Cached model count updated: 12 models (accurate)
11:57:13.159171 [info ]: Started scheduling
11:57:13.160634 [info ]: Finished scheduling [  0.00s]
11:57:13.160641 [debug]: Compilation - 0 nodes selected: {}
11:57:13.161126 [warn ]: [NoNodesForSelectionCriteria (dbt1092)]: The selection criterion '' does not match any enabled nodes
11:57:13.161172 [warn ]: [NoNodesSelected (dbt1601)]: Nothing to do. Try checking your model configs and model specification args
11:57:13.161190 [info ]: Started scheduling
11:57:13.161994 [info ]: Finished scheduling [  0.00s]
11:57:13.168868 [debug]: License check failed: Feature not licensed: 'lineage'
11:57:13.212260 [info ]: Started building task graph
11:57:13.212790 [info ]: Finished building task graph [  0.00s]
11:57:13.242418 [info ]: Started scheduling
11:57:13.242489 [info ]: Finished scheduling [  0.00s]
11:57:13.247644 [info ]: Cached model count updated: 12 models (accurate)
11:57:14.469248 [info ]: Started loading project
11:57:14.469885 [info ]: Loading ~/.dbt/profiles.yml
11:57:14.505026 [info ]: Cached model count updated: 12 models (estimate)
11:57:14.505052 [info ]: Cached model count updated: 12 models (accurate)
11:57:14.505120 [info ]: Started scheduling
11:57:14.505297 [info ]: Finished scheduling [  0.00s]
11:57:14.505312 [debug]: Compilation - 18 nodes selected: {"model.jaffle_shop.customers", "model.jaffle_shop.locations", "model.jaffle_shop.order_items", "model.jaffle_shop.orders", "model.jaffle_shop.products", "model.jaffle_shop.stg_customers", "model.jaffle_shop.stg_locations", "model.jaffle_shop.stg_order_items", "model.jaffle_shop.stg_orders", "model.jaffle_shop.stg_products", "model.jaffle_shop.stg_supplies", "model.jaffle_shop.supplies", "seed.jaffle_shop.raw_customers", "seed.jaffle_shop.raw_items", "seed.jaffle_shop.raw_orders", "seed.jaffle_shop.raw_products", "seed.jaffle_shop.raw_stores", "seed.jaffle_shop.raw_supplies"}
11:57:14.506233 [debug]: License check failed: Feature not licensed: 'lineage'
11:57:14.535439 [info ]: Started building task graph
11:57:14.536846 [info ]: Finished building task graph [  0.00s]
11:57:14.536973 [info ]: Finished loading project [  0.07s]
11:57:14.551696 [info ]: Started rendering (18 nodes)
11:57:14.551865 [info ]: Started model akash_dbt.supplies
11:57:14.551984 [debug]: Started rendering model akash_dbt.supplies
11:57:14.552115 [info ]: Started model akash_dbt.products
11:57:14.552121 [debug]: Started rendering model akash_dbt.products
11:57:14.552132 [info ]: Started model akash_dbt.locations
11:57:14.552138 [debug]: Started rendering model akash_dbt.locations
11:57:14.552146 [info ]: Started model akash_dbt.stg_locations
11:57:14.552153 [debug]: Started rendering model akash_dbt.stg_locations
11:57:14.552162 [info ]: Started seed akash_dbt_raw.raw_stores
11:57:14.552168 [debug]: Started rendering seed akash_dbt_raw.raw_stores
11:57:14.552176 [info ]: Started model akash_dbt.customers
11:57:14.552181 [debug]: Started rendering model akash_dbt.customers
11:57:14.552189 [info ]: Started model akash_dbt.stg_customers
11:57:14.552195 [debug]: Started rendering model akash_dbt.stg_customers
11:57:14.552202 [info ]: Started seed akash_dbt_raw.raw_customers
11:57:14.552208 [debug]: Started rendering seed akash_dbt_raw.raw_customers
11:57:14.552216 [info ]: Started model akash_dbt.orders
11:57:14.552222 [debug]: Started rendering model akash_dbt.orders
11:57:14.552230 [info ]: Started model akash_dbt.order_items
11:57:14.552235 [debug]: Started rendering model akash_dbt.order_items
11:57:14.552275 [info ]: Started model akash_dbt.stg_supplies
11:57:14.552283 [debug]: Started rendering model akash_dbt.stg_supplies
11:57:14.552309 [info ]: Started seed akash_dbt_raw.raw_supplies
11:57:14.552320 [debug]: Started rendering seed akash_dbt_raw.raw_supplies
11:57:14.552330 [info ]: Started model akash_dbt.stg_products
11:57:14.552339 [debug]: Started rendering model akash_dbt.stg_products
11:57:14.552349 [info ]: Started seed akash_dbt_raw.raw_products
11:57:14.552360 [debug]: Started rendering seed akash_dbt_raw.raw_products
11:57:14.552369 [info ]: Started model akash_dbt.stg_orders
11:57:14.552380 [debug]: Started rendering model akash_dbt.stg_orders
11:57:14.552390 [info ]: Started seed akash_dbt_raw.raw_orders
11:57:14.552397 [debug]: Started rendering seed akash_dbt_raw.raw_orders
11:57:14.552406 [info ]: Started model akash_dbt.stg_order_items
11:57:14.552414 [debug]: Started rendering model akash_dbt.stg_order_items
11:57:14.552478 [info ]: Started seed akash_dbt_raw.raw_items
11:57:14.552484 [debug]: Started rendering seed akash_dbt_raw.raw_items
11:57:14.552854 [debug]: Finished rendering [  0.00s] seed akash_dbt_raw.raw_stores [success]
11:57:14.552957 [info ]:  Succeeded [-------] seed  akash_dbt_raw.raw_stores (table)
11:57:14.553174 [debug]: Finished rendering [  0.00s] seed akash_dbt_raw.raw_products [success]
11:57:14.553185 [info ]:  Succeeded [-------] seed  akash_dbt_raw.raw_products (table)
11:57:14.553198 [debug]: Finished rendering [  0.00s] seed akash_dbt_raw.raw_customers [success]
11:57:14.553206 [info ]:  Succeeded [-------] seed  akash_dbt_raw.raw_customers (table)
11:57:14.553215 [debug]: Finished rendering [  0.00s] seed akash_dbt_raw.raw_items [success]
11:57:14.553220 [info ]:  Succeeded [-------] seed  akash_dbt_raw.raw_items (table)
11:57:14.553229 [debug]: Finished rendering [  0.00s] seed akash_dbt_raw.raw_supplies [success]
11:57:14.553234 [info ]:  Succeeded [-------] seed  akash_dbt_raw.raw_supplies (table)
11:57:14.553247 [debug]: Finished rendering [  0.00s] seed akash_dbt_raw.raw_orders [success]
11:57:14.553253 [info ]:  Succeeded [-------] seed  akash_dbt_raw.raw_orders (table)
11:57:14.557147 [debug]: Compiled SQL for node model.jaffle_shop.stg_locations at target/.lsp/compiled/jaffle_shop/models/staging/stg_locations.sql
11:57:14.557139 [debug]: Compiled SQL for node model.jaffle_shop.products at target/.lsp/compiled/jaffle_shop/models/marts/products.sql
11:57:14.557159 [debug]: Compiled SQL for node model.jaffle_shop.order_items at target/.lsp/compiled/jaffle_shop/models/marts/order_items.sql
11:57:14.557164 [debug]: Compiled SQL for node model.jaffle_shop.supplies at target/.lsp/compiled/jaffle_shop/models/marts/supplies.sql
11:57:14.557170 [debug]: Compiled SQL for node model.jaffle_shop.orders at target/.lsp/compiled/jaffle_shop/models/marts/orders.sql
11:57:14.557169 [debug]: Compiled SQL for node model.jaffle_shop.stg_order_items at target/.lsp/compiled/jaffle_shop/models/staging/stg_order_items.sql
11:57:14.557175 [debug]: Compiled SQL for node model.jaffle_shop.locations at target/.lsp/compiled/jaffle_shop/models/marts/locations.sql
11:57:14.557174 [debug]: Compiled SQL for node model.jaffle_shop.stg_customers at target/.lsp/compiled/jaffle_shop/models/staging/stg_customers.sql
11:57:14.557139 [debug]: Compiled SQL for node model.jaffle_shop.customers at target/.lsp/compiled/jaffle_shop/models/marts/customers.sql
11:57:14.557400 [debug]: Finished rendering [  0.01s] model akash_dbt.products [success]
11:57:14.557851 [info ]: Started analyzing (12 nodes)
11:57:14.558022 [debug]: Started analyzing model akash_dbt.products
11:57:14.558193 [debug]: Finished rendering [  0.01s] model akash_dbt.stg_order_items [success]
11:57:14.558204 [debug]: Started analyzing model akash_dbt.stg_order_items
11:57:14.558216 [debug]: Finished rendering [  0.01s] model akash_dbt.order_items [success]
11:57:14.558223 [debug]: Started analyzing model akash_dbt.order_items
11:57:14.558237 [debug]: Finished rendering [  0.01s] model akash_dbt.stg_locations [success]
11:57:14.558243 [debug]: Started analyzing model akash_dbt.stg_locations
11:57:14.558263 [debug]: Finished rendering [  0.01s] model akash_dbt.orders [success]
11:57:14.558273 [debug]: Started analyzing model akash_dbt.orders
11:57:14.558283 [debug]: Finished rendering [  0.01s] model akash_dbt.supplies [success]
11:57:14.558292 [debug]: Started analyzing model akash_dbt.supplies
11:57:14.558347 [debug]: Finished rendering [  0.01s] model akash_dbt.customers [success]
11:57:14.558357 [debug]: Started analyzing model akash_dbt.customers
11:57:14.558366 [debug]: Finished rendering [  0.01s] model akash_dbt.stg_customers [success]
11:57:14.558373 [debug]: Started analyzing model akash_dbt.stg_customers
11:57:14.558381 [debug]: Finished rendering [  0.01s] model akash_dbt.locations [success]
11:57:14.558422 [debug]: Started analyzing model akash_dbt.locations
11:57:14.568366 [debug]: Finished analyzing [  0.01s] model akash_dbt.products [success]
11:57:14.568430 [info ]:  Succeeded [  0.01s] model akash_dbt.products (table)
11:57:14.568456 [debug]: Finished analyzing [  0.01s] model akash_dbt.supplies [success]
11:57:14.568463 [info ]:  Succeeded [  0.02s] model akash_dbt.supplies (table)
11:57:14.568474 [debug]: Finished analyzing [  0.01s] model akash_dbt.orders [success]
11:57:14.568480 [info ]:  Succeeded [  0.02s] model akash_dbt.orders (table)
11:57:14.568491 [debug]: Finished analyzing [  0.01s] model akash_dbt.customers [success]
11:57:14.568502 [info ]:  Succeeded [  0.02s] model akash_dbt.customers (table)
11:57:14.568512 [debug]: Finished analyzing [  0.01s] model akash_dbt.stg_order_items [success]
11:57:14.568518 [info ]:  Succeeded [  0.01s] model akash_dbt.stg_order_items (view)
11:57:14.568529 [debug]: Finished analyzing [  0.01s] model akash_dbt.stg_customers [success]
11:57:14.568534 [info ]:  Succeeded [  0.02s] model akash_dbt.stg_customers (view)
11:57:14.568543 [debug]: Finished analyzing [  0.01s] model akash_dbt.stg_locations [success]
11:57:14.568549 [info ]:  Succeeded [  0.02s] model akash_dbt.stg_locations (view)
11:57:14.568558 [debug]: Finished analyzing [  0.01s] model akash_dbt.order_items [success]
11:57:14.568565 [info ]:  Succeeded [  0.01s] model akash_dbt.order_items (table)
11:57:14.568574 [debug]: Finished analyzing [  0.01s] model akash_dbt.locations [success]
11:57:14.568580 [info ]:  Succeeded [  0.02s] model akash_dbt.locations (table)
11:57:14.569634 [debug]: Compiled SQL for node model.jaffle_shop.stg_orders at target/.lsp/compiled/jaffle_shop/models/staging/stg_orders.sql
11:57:14.569649 [debug]: Compiled SQL for node model.jaffle_shop.stg_products at target/.lsp/compiled/jaffle_shop/models/staging/stg_products.sql
11:57:14.569738 [debug]: Finished rendering [  0.02s] model akash_dbt.stg_orders [success]
11:57:14.569753 [debug]: Started analyzing model akash_dbt.stg_orders
11:57:14.569981 [debug]: Finished rendering [  0.02s] model akash_dbt.stg_products [success]
11:57:14.569997 [debug]: Started analyzing model akash_dbt.stg_products
11:57:14.570013 [debug]: Finished analyzing [  0.00s] model akash_dbt.stg_orders [success]
11:57:14.570020 [info ]:  Succeeded [  0.02s] model akash_dbt.stg_orders (view)
11:57:14.570332 [debug]: Compiled SQL for node model.jaffle_shop.stg_supplies at target/.lsp/compiled/jaffle_shop/models/staging/stg_supplies.sql
11:57:14.570410 [debug]: Finished rendering [  0.02s] model akash_dbt.stg_supplies [success]
11:57:14.570420 [info ]: Finished rendering [  0.02s] (18 nodes, 0 skipped, 0 errors)
11:57:14.570429 [debug]: Started analyzing model akash_dbt.stg_supplies
11:57:14.570645 [debug]: Finished analyzing [  0.00s] model akash_dbt.stg_products [success]
11:57:14.570654 [info ]:  Succeeded [  0.02s] model akash_dbt.stg_products (view)
11:57:14.570664 [debug]: Finished analyzing [  0.00s] model akash_dbt.stg_supplies [success]
11:57:14.570670 [info ]: Finished analyzing [  0.01s] (12 nodes, 0 skipped, 0 errors)
11:57:14.570675 [info ]:  Succeeded [  0.02s] model akash_dbt.stg_supplies (view)
11:57:14.576172 [info ]: Started scheduling
11:57:14.576242 [info ]: Finished scheduling [  0.00s]
11:57:14.577040 [info ]: Cached model count updated: 12 models (accurate)
12:29:19.361022 [info ]: Loading ~/.dbt/profiles.yml
12:29:19.403469 [info ]: Started loading project
12:29:19.410569 [info ]: Loading ~/.dbt/profiles.yml
12:29:19.426866 [info ]: Started loading project
12:29:19.427132 [info ]: Loading ~/.dbt/profiles.yml
12:29:19.427145 [info ]: Finished loading project [  0.02s]
12:29:19.593585 [info ]:    Started resolving packages from packages.yml
12:29:19.723037 [info ]:   Finished [  0.13s] resolving packages from packages.yml (1 items)
12:29:19.725284 [debug]:    Started loading packages
12:29:19.730893 [debug]:     Loaded [  0.01s] packages
12:29:19.731898 [info ]: Finished loading project [  0.31s]
12:29:19.733827 [info ]: Started parsing
12:29:19.809534 [debug]: Finished parsing models/marts/customers.yml [  0.00s]
12:29:19.810506 [debug]: Finished parsing models/marts/order_items.yml [  0.00s]
12:29:19.810883 [debug]: Finished parsing models/marts/orders.yml [  0.00s]
12:29:19.812063 [debug]: Finished parsing models/staging/__sources.yml [  0.00s]
12:29:19.812158 [debug]: Finished parsing models/staging/stg_customers.yml [  0.00s]
12:29:19.812326 [debug]: Finished parsing models/staging/stg_locations.yml [  0.00s]
12:29:19.812446 [debug]: Finished parsing models/staging/stg_order_items.yml [  0.00s]
12:29:19.812548 [debug]: Finished parsing models/staging/stg_orders.yml [  0.00s]
12:29:19.812636 [debug]: Finished parsing models/staging/stg_products.yml [  0.00s]
12:29:19.812727 [debug]: Finished parsing models/staging/stg_supplies.yml [  0.00s]
12:29:19.832954 [debug]: Finished parsing models/marts/customers.sql [  0.00s]
12:29:19.833743 [debug]: Finished parsing models/marts/locations.sql [  0.00s]
12:29:19.834334 [debug]: Finished parsing models/marts/order_items.sql [  0.00s]
12:29:19.834913 [debug]: Finished parsing models/marts/orders.sql [  0.00s]
12:29:19.835508 [debug]: Finished parsing models/marts/products.sql [  0.00s]
12:29:19.836070 [debug]: Finished parsing models/marts/supplies.sql [  0.00s]
12:29:19.836802 [debug]: Finished parsing models/staging/stg_customers.sql [  0.00s]
12:29:19.837232 [debug]: Finished parsing models/staging/stg_locations.sql [  0.00s]
12:29:19.837705 [debug]: Finished parsing models/staging/stg_order_items.sql [  0.00s]
12:29:19.838618 [debug]: Finished parsing models/staging/stg_orders.sql [  0.00s]
12:29:19.839207 [debug]: Finished parsing models/staging/stg_products.sql [  0.00s]
12:29:19.840567 [debug]: Finished parsing models/staging/stg_supplies.sql [  0.00s]
12:29:19.853919 [info ]: Finished parsing [  0.12s]
12:29:19.856136 [info ]: Cached model count updated: 12 models (estimate)
12:29:19.856176 [info ]: Cached model count updated: 12 models (accurate)
12:29:19.857215 [info ]: Started scheduling
12:29:19.859220 [info ]: Finished scheduling [  0.00s]
12:29:19.859239 [debug]: Compilation - 0 nodes selected: {}
12:29:19.859852 [warn ]: [NoNodesForSelectionCriteria (dbt1092)]: The selection criterion '' does not match any enabled nodes
12:29:19.860027 [warn ]: [NoNodesSelected (dbt1601)]: Nothing to do. Try checking your model configs and model specification args
12:29:19.860051 [info ]: Started scheduling
12:29:19.860987 [info ]: Finished scheduling [  0.00s]
12:29:19.868299 [debug]: License check failed: Feature not licensed: 'lineage'
12:29:19.910413 [info ]: Started building task graph
12:29:19.910869 [info ]: Finished building task graph [  0.00s]
12:29:19.936285 [info ]: Started scheduling
12:29:19.936347 [info ]: Finished scheduling [  0.00s]
12:29:19.940358 [info ]: Cached model count updated: 12 models (accurate)
12:29:21.116835 [info ]: Started loading project
12:29:21.117098 [info ]: Loading ~/.dbt/profiles.yml
12:29:21.140889 [info ]: Cached model count updated: 12 models (estimate)
12:29:21.140917 [info ]: Cached model count updated: 12 models (accurate)
12:29:21.140968 [info ]: Started scheduling
12:29:21.141113 [info ]: Finished scheduling [  0.00s]
12:29:21.141126 [debug]: Compilation - 18 nodes selected: {"model.jaffle_shop.customers", "model.jaffle_shop.locations", "model.jaffle_shop.order_items", "model.jaffle_shop.orders", "model.jaffle_shop.products", "model.jaffle_shop.stg_customers", "model.jaffle_shop.stg_locations", "model.jaffle_shop.stg_order_items", "model.jaffle_shop.stg_orders", "model.jaffle_shop.stg_products", "model.jaffle_shop.stg_supplies", "model.jaffle_shop.supplies", "seed.jaffle_shop.raw_customers", "seed.jaffle_shop.raw_items", "seed.jaffle_shop.raw_orders", "seed.jaffle_shop.raw_products", "seed.jaffle_shop.raw_stores", "seed.jaffle_shop.raw_supplies"}
12:29:21.142102 [debug]: License check failed: Feature not licensed: 'lineage'
12:29:21.172215 [info ]: Started building task graph
12:29:21.174153 [info ]: Finished building task graph [  0.00s]
12:29:21.174275 [info ]: Finished loading project [  0.06s]
12:29:21.188559 [info ]: Started rendering (18 nodes)
12:29:21.188843 [info ]: Started model akash_dbt.supplies
12:29:21.188978 [debug]: Started rendering model akash_dbt.supplies
12:29:21.189004 [info ]: Started model akash_dbt.products
12:29:21.189011 [debug]: Started rendering model akash_dbt.products
12:29:21.189019 [info ]: Started model akash_dbt.locations
12:29:21.189024 [debug]: Started rendering model akash_dbt.locations
12:29:21.189033 [info ]: Started model akash_dbt.stg_locations
12:29:21.189040 [debug]: Started rendering model akash_dbt.stg_locations
12:29:21.189050 [info ]: Started seed akash_dbt_raw.raw_stores
12:29:21.189056 [debug]: Started rendering seed akash_dbt_raw.raw_stores
12:29:21.189065 [info ]: Started model akash_dbt.customers
12:29:21.189073 [debug]: Started rendering model akash_dbt.customers
12:29:21.189084 [info ]: Started model akash_dbt.stg_customers
12:29:21.189091 [debug]: Started rendering model akash_dbt.stg_customers
12:29:21.189155 [info ]: Started seed akash_dbt_raw.raw_customers
12:29:21.189165 [debug]: Started rendering seed akash_dbt_raw.raw_customers
12:29:21.189177 [info ]: Started model akash_dbt.orders
12:29:21.189184 [debug]: Started rendering model akash_dbt.orders
12:29:21.189194 [info ]: Started model akash_dbt.order_items
12:29:21.189200 [debug]: Started rendering model akash_dbt.order_items
12:29:21.189215 [info ]: Started model akash_dbt.stg_supplies
12:29:21.189221 [debug]: Started rendering model akash_dbt.stg_supplies
12:29:21.189229 [info ]: Started seed akash_dbt_raw.raw_supplies
12:29:21.189284 [debug]: Started rendering seed akash_dbt_raw.raw_supplies
12:29:21.189293 [info ]: Started model akash_dbt.stg_products
12:29:21.189300 [debug]: Started rendering model akash_dbt.stg_products
12:29:21.189310 [info ]: Started seed akash_dbt_raw.raw_products
12:29:21.189323 [debug]: Started rendering seed akash_dbt_raw.raw_products
12:29:21.189337 [info ]: Started model akash_dbt.stg_orders
12:29:21.189343 [debug]: Started rendering model akash_dbt.stg_orders
12:29:21.189354 [info ]: Started seed akash_dbt_raw.raw_orders
12:29:21.189360 [debug]: Started rendering seed akash_dbt_raw.raw_orders
12:29:21.189369 [info ]: Started model akash_dbt.stg_order_items
12:29:21.189375 [debug]: Started rendering model akash_dbt.stg_order_items
12:29:21.189397 [info ]: Started seed akash_dbt_raw.raw_items
12:29:21.189405 [debug]: Started rendering seed akash_dbt_raw.raw_items
12:29:21.189814 [debug]: Finished rendering [  0.00s] seed akash_dbt_raw.raw_customers [success]
12:29:21.189891 [info ]:  Succeeded [-------] seed  akash_dbt_raw.raw_customers (table)
12:29:21.190063 [debug]: Finished rendering [  0.00s] seed akash_dbt_raw.raw_stores [success]
12:29:21.190075 [info ]:  Succeeded [  0.00s] seed  akash_dbt_raw.raw_stores (table)
12:29:21.190190 [debug]: Finished rendering [  0.00s] seed akash_dbt_raw.raw_supplies [success]
12:29:21.190197 [info ]:  Succeeded [-------] seed  akash_dbt_raw.raw_supplies (table)
12:29:21.190207 [debug]: Finished rendering [  0.00s] seed akash_dbt_raw.raw_products [success]
12:29:21.190213 [info ]:  Succeeded [-------] seed  akash_dbt_raw.raw_products (table)
12:29:21.190222 [debug]: Finished rendering [  0.00s] seed akash_dbt_raw.raw_orders [success]
12:29:21.190227 [info ]:  Succeeded [-------] seed  akash_dbt_raw.raw_orders (table)
12:29:21.190234 [debug]: Finished rendering [  0.00s] seed akash_dbt_raw.raw_items [success]
12:29:21.190239 [info ]:  Succeeded [-------] seed  akash_dbt_raw.raw_items (table)
12:29:21.194465 [debug]: Compiled SQL for node model.jaffle_shop.locations at target/.lsp/compiled/jaffle_shop/models/marts/locations.sql
12:29:21.194473 [debug]: Compiled SQL for node model.jaffle_shop.orders at target/.lsp/compiled/jaffle_shop/models/marts/orders.sql
12:29:21.194479 [debug]: Compiled SQL for node model.jaffle_shop.order_items at target/.lsp/compiled/jaffle_shop/models/marts/order_items.sql
12:29:21.194489 [debug]: Compiled SQL for node model.jaffle_shop.stg_customers at target/.lsp/compiled/jaffle_shop/models/staging/stg_customers.sql
12:29:21.194489 [debug]: Compiled SQL for node model.jaffle_shop.products at target/.lsp/compiled/jaffle_shop/models/marts/products.sql
12:29:21.194476 [debug]: Compiled SQL for node model.jaffle_shop.stg_order_items at target/.lsp/compiled/jaffle_shop/models/staging/stg_order_items.sql
12:29:21.194465 [debug]: Compiled SQL for node model.jaffle_shop.supplies at target/.lsp/compiled/jaffle_shop/models/marts/supplies.sql
12:29:21.194469 [debug]: Compiled SQL for node model.jaffle_shop.stg_locations at target/.lsp/compiled/jaffle_shop/models/staging/stg_locations.sql
12:29:21.194462 [debug]: Compiled SQL for node model.jaffle_shop.customers at target/.lsp/compiled/jaffle_shop/models/marts/customers.sql
12:29:21.194921 [debug]: Finished rendering [  0.01s] model akash_dbt.locations [success]
12:29:21.195496 [info ]: Started analyzing (12 nodes)
12:29:21.195636 [debug]: Started analyzing model akash_dbt.locations
12:29:21.195942 [debug]: Finished rendering [  0.01s] model akash_dbt.supplies [success]
12:29:21.195952 [debug]: Started analyzing model akash_dbt.supplies
12:29:21.195965 [debug]: Finished rendering [  0.01s] model akash_dbt.order_items [success]
12:29:21.195973 [debug]: Started analyzing model akash_dbt.order_items
12:29:21.195988 [debug]: Finished rendering [  0.01s] model akash_dbt.orders [success]
12:29:21.195995 [debug]: Started analyzing model akash_dbt.orders
12:29:21.196006 [debug]: Finished rendering [  0.01s] model akash_dbt.stg_locations [success]
12:29:21.196014 [debug]: Started analyzing model akash_dbt.stg_locations
12:29:21.196022 [debug]: Finished rendering [  0.01s] model akash_dbt.stg_order_items [success]
12:29:21.196029 [debug]: Started analyzing model akash_dbt.stg_order_items
12:29:21.196038 [debug]: Finished rendering [  0.01s] model akash_dbt.products [success]
12:29:21.196100 [debug]: Started analyzing model akash_dbt.products
12:29:21.196175 [debug]: Finished rendering [  0.01s] model akash_dbt.stg_customers [success]
12:29:21.196185 [debug]: Started analyzing model akash_dbt.stg_customers
12:29:21.196196 [debug]: Finished rendering [  0.01s] model akash_dbt.customers [success]
12:29:21.196203 [debug]: Started analyzing model akash_dbt.customers
12:29:21.207849 [debug]: Compiled SQL for node model.jaffle_shop.stg_products at target/.lsp/compiled/jaffle_shop/models/staging/stg_products.sql
12:29:21.208192 [debug]: Compiled SQL for node model.jaffle_shop.stg_orders at target/.lsp/compiled/jaffle_shop/models/staging/stg_orders.sql
12:29:21.209371 [debug]: Compiled SQL for node model.jaffle_shop.stg_supplies at target/.lsp/compiled/jaffle_shop/models/staging/stg_supplies.sql
12:29:21.210379 [debug]: Finished analyzing [  0.01s] model akash_dbt.order_items [success]
12:29:21.210396 [info ]:  Succeeded [  0.02s] model akash_dbt.order_items (table)
12:29:21.210411 [debug]: Finished analyzing [  0.01s] model akash_dbt.products [success]
12:29:21.210417 [info ]:  Succeeded [  0.02s] model akash_dbt.products (table)
12:29:21.210428 [debug]: Finished analyzing [  0.01s] model akash_dbt.stg_order_items [success]
12:29:21.210434 [info ]:  Succeeded [  0.02s] model akash_dbt.stg_order_items (view)
12:29:21.210445 [debug]: Finished analyzing [  0.01s] model akash_dbt.supplies [success]
12:29:21.210451 [info ]:  Succeeded [  0.02s] model akash_dbt.supplies (table)
12:29:21.210462 [debug]: Finished rendering [  0.02s] model akash_dbt.stg_products [success]
12:29:21.210474 [debug]: Started analyzing model akash_dbt.stg_products
12:29:21.210489 [debug]: Finished rendering [  0.02s] model akash_dbt.stg_orders [success]
12:29:21.210496 [debug]: Started analyzing model akash_dbt.stg_orders
12:29:21.210504 [debug]: Finished rendering [  0.02s] model akash_dbt.stg_supplies [success]
12:29:21.210512 [info ]: Finished rendering [  0.02s] (18 nodes, 0 skipped, 0 errors)
12:29:21.210520 [debug]: Started analyzing model akash_dbt.stg_supplies
12:29:21.210533 [debug]: Finished analyzing [  0.01s] model akash_dbt.orders [success]
12:29:21.210539 [info ]:  Succeeded [  0.02s] model akash_dbt.orders (table)
12:29:21.210551 [debug]: Finished analyzing [  0.01s] model akash_dbt.locations [success]
12:29:21.210558 [info ]:  Succeeded [  0.02s] model akash_dbt.locations (table)
12:29:21.210567 [debug]: Finished analyzing [  0.01s] model akash_dbt.stg_customers [success]
12:29:21.210573 [info ]:  Succeeded [  0.02s] model akash_dbt.stg_customers (view)
12:29:21.210584 [debug]: Finished analyzing [  0.01s] model akash_dbt.stg_locations [success]
12:29:21.210589 [info ]:  Succeeded [  0.02s] model akash_dbt.stg_locations (view)
12:29:21.210815 [debug]: Finished analyzing [  0.00s] model akash_dbt.stg_supplies [success]
12:29:21.210826 [info ]:  Succeeded [  0.02s] model akash_dbt.stg_supplies (view)
12:29:21.210927 [debug]: Finished analyzing [  0.00s] model akash_dbt.stg_orders [success]
12:29:21.210974 [info ]:  Succeeded [  0.02s] model akash_dbt.stg_orders (view)
12:29:21.210996 [debug]: Finished analyzing [  0.01s] model akash_dbt.customers [success]
12:29:21.211005 [info ]:  Succeeded [  0.02s] model akash_dbt.customers (table)
12:29:21.211017 [debug]: Finished analyzing [  0.00s] model akash_dbt.stg_products [success]
12:29:21.211024 [info ]: Finished analyzing [  0.02s] (12 nodes, 0 skipped, 0 errors)
12:29:21.211030 [info ]:  Succeeded [  0.02s] model akash_dbt.stg_products (view)
12:29:21.216554 [info ]: Started scheduling
12:29:21.216611 [info ]: Finished scheduling [  0.00s]
12:29:21.217218 [info ]: Cached model count updated: 12 models (accurate)
